zoneCode,zoneName,blockName,blockType,lotName,parcel_id,area_sqm,included,intersection_area,inside_ratio
41135MX2001001,성남판교지구 택지개발사업,지원,도시지원시설용지,지원,지원,14287.109694656365,False,5172.4527544256935,0.362036329598581
41135MX2001001,성남판교지구 택지개발사업,지원,도시지원시설용지,지원,지원,16863.253794827306,False,1937.9987798011412,0.1149243677039131
41135MX2001001,성남판교지구 택지개발사업,업무1,업무시설,1,업무1-1,7597.213967507994,False,0.0,0.0
41135MX2001001,성남판교지구 택지개발사업,업무2,업무시설,1,업무2-1,1652.7752969487362,False,0.0,0.0
41135MX2001001,성남판교지구 택지개발사업,업무3,업무시설,1,업무3-1,10905.757184120783,False,0.0,0.0
41135MX2001001,성남판교지구 택지개발사업,업무4,업무시설,1,업무4-1,1885.1829659328955,False,0.0,0.0
41135MX2001001,성남판교지구 택지개발사업,공1,업무시설기타,1,공1-1,15133.211509797464,False,0.0,0.0
41135MX2001001,성남판교지구 택지개발사업,공2,업무시설기타,1,공2-1,1656.543131584371,False,0.0,0.0
41135MX2001001,성남판교지구 택지개발사업,공7,업무시설기타,1,공7-1,1329.1130445115762,False,0.0,0.0
41135MX2001001,성남판교지구 택지개발사업,공8,업무시설기타,1,공8-1,939.9471524604389,False,0.0,0.0
41135MX2001001,성남판교지구 택지개발사업,공9,업무시설기타,1,공9-1,1165.9079454085577,False,0.0,0.0
41135MX2001001,성남판교지구 택지개발사업,동1,업무시설기타,1,동1-1,1885.8855244448355,False,0.0,0.0
41135MX2001001,성남판교지구 택지개발사업,동2,업무시설기타,1,동2-1,1750.442034596699,False,0.0,0.0
41135MX2001001,성남판교지구 택지개발사업,동4,업무시설기타,1,동4-1,1855.9569587164597,False,0.0,0.0
41135MX2001001,성남판교지구 택지개발사업,지원,도시지원시설용지,지원,지원,11037.656652018051,True,11037.656652018053,1.0000000000000002
41135MX2001001,성남판교지구 택지개발사업,지원,도시지원시설용지,지원,지원,7391.219823354094,True,7391.219823354094,1.0
41135MX2001001,성남판교지구 택지개발사업,지원,도시지원시설용지,지원,지원,5148.843152523906,True,5148.843152523907,1.0000000000000002
41135MX2001001,성남판교지구 택지개발사업,지원,도시지원시설용지,지원,지원,2471.2509561603406,True,2471.250956160341,1.0000000000000002
41135MX2001001,성남판교지구 택지개발사업,지원,도시지원시설용지,지원,지원,1316.9252024505859,True,1316.9252024505859,1.0
41135MX2001001,성남판교지구 택지개발사업,지원,도시지원시설용지,지원,지원,3557.819638565534,True,3557.819638565534,1.0
41135MX2001001,성남판교지구 택지개발사업,지원,도시지원시설용지,지원,지원,9934.951282158676,True,9934.951282158674,0.9999999999999998
41135MX2001001,성남판교지구 택지개발사업,지원,도시지원시설용지,지원,지원,2852.491587685254,True,2852.4915876852538,0.9999999999999999
41135MX2001001,성남판교지구 택지개발사업,지원,도시지원시설용지,지원,지원,8802.81033500203,True,8802.810335002026,0.9999999999999996
41135MX2001001,성남판교지구 택지개발사업,지원,도시지원시설용지,지원,지원,2913.446930964702,True,2913.446930964702,1.0
41135MX2001001,성남판교지구 택지개발사업,지원,도시지원시설용지,지원,지원,10455.888237417554,True,10455.888237417556,1.0000000000000002
41135MX2001001,성남판교지구 택지개발사업,지원,도시지원시설용지,지원,지원,2880.3468404603236,True,2880.3468404603236,1.0
41135MX2001001,성남판교지구 택지개발사업,지원,도시지원시설용지,지원,지원,1818.890856757878,True,1818.8908567578778,0.9999999999999999
41135MX2001001,성남판교지구 택지개발사업,지원,도시지원시설용지,지원,지원,4723.1510320057505,True,4723.1510320057505,1.0
41135MX2001001,성남판교지구 택지개발사업,지원,도시지원시설용지,지원,지원,1349.3179714688065,True,1349.3179714688063,0.9999999999999998
41135MX2001001,성남판교지구 택지개발사업,지원,도시지원시설용지,지원,지원,5459.412600252367,True,5459.412600252368,1.0000000000000002
41135MX2001001,성남판교지구 택지개발사업,지원,도시지원시설용지,지원,지원,3073.135124985635,True,3073.1351249856343,0.9999999999999999
41135MX2001001,성남판교지구 택지개발사업,지원,도시지원시설용지,지원,지원,10243.946675300478,True,10243.946675300474,0.9999999999999997
41135MX2001001,성남판교지구 택지개발사업,지원,도시지원시설용지,지원,지원,1818.8333061301087,True,1818.833306130109,1.0000000000000002
41135MX2001001,성남판교지구 택지개발사업,지원,도시지원시설용지,지원,지원,1818.8856574940091,True,1818.8856574940096,1.0000000000000002
41135MX2001001,성남판교지구 택지개발사업,지원,도시지원시설용지,지원,지원,2311.5152570522537,True,2311.5152570522537,1.0
41135MX2001001,성남판교지구 택지개발사업,지원,도시지원시설용지,지원,지원,2437.220905628836,True,2437.2209056288366,1.0000000000000002
41135MX2001001,성남판교지구 택지개발사업,지원,도시지원시설용지,지원,지원,17363.735201367326,True,17363.73520136733,1.0000000000000002
41135MX2001001,성남판교지구 택지개발사업,지원,도시지원시설용지,지원,지원,12648.72656251764,True,12648.72656251764,1.0
41135MX2001001,성남판교지구 택지개발사업,지원,도시지원시설용지,지원,지원,2437.124806004985,True,2437.124806004985,1.0
41135MX2001001,성남판교지구 택지개발사업,지원,도시지원시설용지,지원,지원,9066.157430001569,True,9066.15743000157,1.0000000000000002
41135MX2001001,성남판교지구 택지개발사업,지원,도시지원시설용지,지원,지원,2812.923011057799,True,2812.923011057799,1.0
41135MX2001001,성남판교지구 택지개발사업,지원,도시지원시설용지,지원,지원,3904.0064027656213,True,3904.0064027656213,1.0
41135MX2001001,성남판교지구 택지개발사업,지원,도시지원시설용지,지원,지원,6424.71031730793,True,6424.71031730793,1.0
41135MX2001001,성남판교지구 택지개발사업,지원,도시지원시설용지,지원,지원,11060.686668616308,True,11060.686668616314,1.0000000000000004
41135MX2001001,성남판교지구 택지개발사업,지원,도시지원시설용지,지원,지원,1349.3690715646712,True,1349.3690715646712,1.0
41135MX2001001,성남판교지구 택지개발사업,지원,도시지원시설용지,지원,지원,6455.008566294925,True,6455.008566294925,1.0
41135MX2001001,성남판교지구 택지개발사업,지원,도시지원시설용지,지원,지원,13294.395622807042,True,13294.395622807042,1.0
41135MX2001001,성남판교지구 택지개발사업,지원,도시지원시설용지,지원,지원,2541.6861746746063,True,2541.686174674606,0.9999999999999998
41135MX2001001,성남판교지구 택지개발사업,지원,도시지원시설용지,지원,지원,1599.8167561168164,True,1599.8167561168161,0.9999999999999999
41135MX2001001,성남판교지구 택지개발사업,지원,도시지원시설용지,지원,지원,1500.9450618871656,True,1500.9450618871656,1.0
41135MX2001001,성남판교지구 택지개발사업,지원,도시지원시설용지,지원,지원,1545.0713061383751,True,1545.0713061383753,1.0000000000000002
41135MX2001001,성남판교지구 택지개발사업,지원,도시지원시설용지,지원,지원,8509.945133207817,True,8509.945133207817,1.0
41135MX2001001,성남판교지구 택지개발사업,지원,도시지원시설용지,지원,지원,1332.8907487626923,True,1332.890748762692,0.9999999999999998
41135MX2001001,성남판교지구 택지개발사업,지원,도시지원시설용지,지원,지원,1456.0073287182965,True,1456.0073287182965,1.0
41135MX2001001,성남판교지구 택지개발사업,지원,도시지원시설용지,지원,지원,1819.0117529448944,True,1819.0117529448949,1.0000000000000002
41135MX2001001,성남판교지구 택지개발사업,지원,도시지원시설용지,지원,지원,5179.143229759271,True,5179.143229759272,1.0000000000000002
41135MX2001001,성남판교지구 택지개발사업,지원,도시지원시설용지,지원,지원,1459.0074315690724,True,1459.0074315690727,1.0000000000000002
41135MX2001001,성남판교지구 택지개발사업,지원,도시지원시설용지,지원,지원,10563.109669728608,True,10563.109669728608,1.0
41135MX2001001,성남판교지구 택지개발사업,지원,도시지원시설용지,지원,지원,13881.763908013632,True,13881.763908013629,0.9999999999999998
41135MX2001001,성남판교지구 택지개발사업,지원,도시지원시설용지,지원,지원,7459.976230556021,True,7459.97623055602,0.9999999999999999
41135MX2001001,성남판교지구 택지개발사업,지원,도시지원시설용지,지원,지원,8627.275317069314,True,8627.275317069312,0.9999999999999998
41135MX2001001,성남판교지구 택지개발사업,지원,도시지원시설용지,지원,지원,4209.897499445346,True,4209.897499445346,1.0
41135MX2001001,성남판교지구 택지개발사업,지원,도시지원시설용지,지원,지원,9116.842674226566,True,9116.842674226562,0.9999999999999996
41135MX2001001,성남판교지구 택지개발사업,지원,도시지원시설용지,지원,지원,10784.82322958249,True,10784.823229582493,1.0000000000000004
41135MX2001001,성남판교지구 택지개발사업,지원,도시지원시설용지,지원,지원,9329.024116098755,True,9329.024116098757,1.0000000000000002
41135MX2001001,성남판교지구 택지개발사업,지원,도시지원시설용지,지원,지원,3100.137284109859,True,3100.137284109859,1.0
41135MX2001001,성남판교지구 택지개발사업,지원,도시지원시설용지,지원,지원,2770.2409204561523,True,2770.240920456152,0.9999999999999999
41135MX2001001,성남판교지구 택지개발사업,지원,도시지원시설용지,지원,지원,9928.689501693494,True,9928.689501693496,1.0000000000000002
41135MX2001001,성남판교지구 택지개발사업,지원,도시지원시설용지,지원,지원,2245.9988575302896,True,2245.9988575302896,1.0
41135MX2001001,성남판교지구 택지개발사업,지원,도시지원시설용지,지원,지원,2898.920082655207,True,2898.920082655208,1.0000000000000002
41135MX2001001,성남판교지구 택지개발사업,지원,도시지원시설용지,지원,지원,2937.429900068865,True,2937.429900068865,1.0
41135MX2001001,성남판교지구 택지개발사업,지원,도시지원시설용지,지원,지원,5852.343931835014,True,5852.343931835012,0.9999999999999997
41135MX2001001,성남판교지구 택지개발사업,지원,도시지원시설용지,지원,지원,4002.67218320269,True,4002.67218320269,1.0
41135MX2001001,성남판교지구 택지개발사업,지원,도시지원시설용지,지원,지원,3767.3542862082136,True,3767.354286208213,0.9999999999999999
41135MX2001001,성남판교지구 택지개발사업,지원,도시지원시설용지,지원,지원,3761.1133741671033,True,3761.1133741671033,1.0
41135MX2001001,성남판교지구 택지개발사업,지원,도시지원시설용지,지원,지원,6565.978055067519,True,6565.97805506752,1.0000000000000002
41135MX2001001,성남판교지구 택지개발사업,지원,도시지원시설용지,지원,지원,2996.0468747909104,True,2996.046874790911,1.0000000000000002
41135MX2001001,성남판교지구 택지개발사업,지원,도시지원시설용지,지원,지원,6231.243081335152,True,6231.243081335153,1.0000000000000002
41135MX2001001,성남판교지구 택지개발사업,지원,도시지원시설용지,지원,지원,3073.343421321241,True,3073.3434213212413,1.0000000000000002
41135MX2001001,성남판교지구 택지개발사업,지원,도시지원시설용지,지원,지원,6345.915009856504,True,6345.915009856507,1.0000000000000004
41135MX2001001,성남판교지구 택지개발사업,지원,도시지원시설용지,지원,지원,3774.8009573217996,True,3774.800957321798,0.9999999999999996
41135MX2001001,성남판교지구 택지개발사업,지원,도시지원시설용지,지원,지원,2544.330987624091,True,2544.3309876240914,1.0000000000000002
41135MX2001001,성남판교지구 택지개발사업,지원,도시지원시설용지,지원,지원,1349.3184828359654,True,1349.3184828359654,1.0
41135MX2001001,성남판교지구 택지개발사업,지원,도시지원시설용지,지원,지원,2072.860798318429,True,2072.8607983184284,0.9999999999999998
41135MX2001001,성남판교지구 택지개발사업,지원,도시지원시설용지,지원,지원,5287.947993510917,True,5287.947993510916,0.9999999999999998
41135MX2001001,성남판교지구 택지개발사업,지원,도시지원시설용지,지원,지원,17408.11592108793,True,17408.115921087927,0.9999999999999998
41135MX2001001,성남판교지구 택지개발사업,지원,도시지원시설용지,지원,지원,11625.209535709824,True,11625.209535709824,1.0
41135MX2001001,성남판교지구 택지개발사업,업무5,업무시설,1,업무5-1,1000.7566025060177,True,1000.7566025060177,1.0
41135MX2001001,성남판교지구 택지개발사업,공3,업무시설기타,1,공3-1,1646.7109922413533,True,1646.7109922413536,1.0000000000000002
41135MX2001001,성남판교지구 택지개발사업,공4,업무시설기타,1,공4-1,1108.4347451746166,True,1108.4347451746166,1.0
41135MX2001001,성남판교지구 택지개발사업,공5,업무시설기타,1,공5-1,925.6829017452103,True,925.6829017452103,1.0
41135MX2001001,성남판교지구 택지개발사업,공6,업무시설기타,1,공6-1,1001.0726977341368,True,1001.0726977341367,0.9999999999999999
41135MX2001001,성남판교지구 택지개발사업,동3,업무시설기타,1,동3-1,1653.7760662843862,True,1653.7760662843864,1.0000000000000002
