source_file,row_id,sido,sigungu,bjdong,bun,ji,address,main_use,reason
건축물\건축물대장_go12385_20260617220540.xlsx,135,경기도,성남시 수정구,신흥동,0123,0027,경기도 성남시 수정구 신흥동 0123-0027,단독주택,대체 조인키(시군구코드+본번+부번)에 대응하는 연속지적도 필지를 찾지 못함
건축물\건축물대장_go12385_20260617220540.xlsx,147,경기도,성남시 수정구,신흥동,0230,0010,경기도 성남시 수정구 신흥동 0230-0010,단독주택,대체 조인키(시군구코드+본번+부번)에 대응하는 연속지적도 필지를 찾지 못함
건축물\건축물대장_go12385_20260617220540.xlsx,373,경기도,성남시 수정구,신흥동,2621,0001,경기도 성남시 수정구 신흥동 2621-0001,단독주택,대체 조인키(시군구코드+본번+부번)에 대응하는 연속지적도 필지를 찾지 못함
건축물\건축물대장_go12385_20260617220540.xlsx,1249,경기도,성남시 수정구,신흥동,3509,0000,경기도 성남시 수정구 신흥동 3509-0000,단독주택,대체 조인키(시군구코드+본번+부번)에 대응하는 연속지적도 필지를 찾지 못함
건축물\건축물대장_go12385_20260617220540.xlsx,3825,경기도,성남시 수정구,신흥동,6569,0001,경기도 성남시 수정구 신흥동 6569-0001,미분류,대체 조인키(시군구코드+본번+부번)에 대응하는 연속지적도 필지를 찾지 못함
건축물\건축물대장_go12385_20260617220540.xlsx,5816,경기도,성남시 수정구,태평동,1776,0025,경기도 성남시 수정구 태평동 1776-0025,단독주택,대체 조인키(시군구코드+본번+부번)에 대응하는 연속지적도 필지를 찾지 못함
건축물\건축물대장_go12385_20260617220540.xlsx,6469,경기도,성남시 수정구,태평동,2627,0003,경기도 성남시 수정구 태평동 2627-0003,단독주택,대체 조인키(시군구코드+본번+부번)에 대응하는 연속지적도 필지를 찾지 못함
건축물\건축물대장_go12385_20260617220540.xlsx,6869,경기도,성남시 수정구,태평동,3041,0003,경기도 성남시 수정구 태평동 3041-0003,단독주택,대체 조인키(시군구코드+본번+부번)에 대응하는 연속지적도 필지를 찾지 못함
건축물\건축물대장_go12385_20260617220540.xlsx,7212,경기도,성남시 수정구,태평동,3307,0040,경기도 성남시 수정구 태평동 3307-0040,단독주택,대체 조인키(시군구코드+본번+부번)에 대응하는 연속지적도 필지를 찾지 못함
건축물\건축물대장_go12385_20260617220540.xlsx,8502,경기도,성남시 수정구,태평동,4302,0002,경기도 성남시 수정구 태평동 4302-0002,단독주택,대체 조인키(시군구코드+본번+부번)에 대응하는 연속지적도 필지를 찾지 못함
건축물\건축물대장_go12385_20260617220540.xlsx,8514,경기도,성남시 수정구,태평동,4308,0008,경기도 성남시 수정구 태평동 4308-0008,단독주택,대체 조인키(시군구코드+본번+부번)에 대응하는 연속지적도 필지를 찾지 못함
건축물\건축물대장_go12385_20260617220540.xlsx,10425,경기도,성남시 수정구,태평동,6417,0003,경기도 성남시 수정구 태평동 6417-0003,미분류,대체 조인키(시군구코드+본번+부번)에 대응하는 연속지적도 필지를 찾지 못함
건축물\건축물대장_go12385_20260617220540.xlsx,10426,경기도,성남시 수정구,태평동,6417,0009,경기도 성남시 수정구 태평동 6417-0009,단독주택,대체 조인키(시군구코드+본번+부번)에 대응하는 연속지적도 필지를 찾지 못함
건축물\건축물대장_go12385_20260617220540.xlsx,10446,경기도,성남시 수정구,태평동,6451,0001,경기도 성남시 수정구 태평동 6451-0001,단독주택,대체 조인키(시군구코드+본번+부번)에 대응하는 연속지적도 필지를 찾지 못함
건축물\건축물대장_go12385_20260617220540.xlsx,10864,경기도,성남시 수정구,태평동,6917,0000,경기도 성남시 수정구 태평동 6917-0000,단독주택,대체 조인키(시군구코드+본번+부번)에 대응하는 연속지적도 필지를 찾지 못함
건축물\건축물대장_go12385_20260617220540.xlsx,11134,경기도,성남시 수정구,태평동,7208,0000,경기도 성남시 수정구 태평동 7208-0000,단독주택,대체 조인키(시군구코드+본번+부번)에 대응하는 연속지적도 필지를 찾지 못함
건축물\건축물대장_go12385_20260617220540.xlsx,13735,경기도,성남시 수정구,수진동,2362,0000,경기도 성남시 수정구 수진동 2362-0000,단독주택,대체 조인키(시군구코드+본번+부번)에 대응하는 연속지적도 필지를 찾지 못함
건축물\건축물대장_go12385_20260617220540.xlsx,15704,경기도,성남시 수정구,수진동,4567,0032,경기도 성남시 수정구 수진동 4567-0032,단독주택,대체 조인키(시군구코드+본번+부번)에 대응하는 연속지적도 필지를 찾지 못함
건축물\건축물대장_go12385_20260617220540.xlsx,15705,경기도,성남시 수정구,수진동,4567,0033,경기도 성남시 수정구 수진동 4567-0033,단독주택,대체 조인키(시군구코드+본번+부번)에 대응하는 연속지적도 필지를 찾지 못함
건축물\건축물대장_go12385_20260617220540.xlsx,15967,경기도,성남시 수정구,단대동,0000,0000,경기도 성남시 수정구 단대동 0000-0000,단독주택,대체 조인키(시군구코드+본번+부번)에 대응하는 연속지적도 필지를 찾지 못함
건축물\건축물대장_go12385_20260617220540.xlsx,16729,경기도,성남시 수정구,단대동,4888,0002,경기도 성남시 수정구 단대동 4888-0002,노유자시설,대체 조인키(시군구코드+본번+부번)에 대응하는 연속지적도 필지를 찾지 못함
건축물\건축물대장_go12385_20260617220540.xlsx,16730,경기도,성남시 수정구,단대동,5190,0000,경기도 성남시 수정구 단대동 5190-0000,단독주택,대체 조인키(시군구코드+본번+부번)에 대응하는 연속지적도 필지를 찾지 못함
건축물\건축물대장_go12385_20260617220540.xlsx,17844,경기도,성남시 수정구,복정동,0000,0000,경기도 성남시 수정구 복정동 0000-0000,제2종근린생활시설,대체 조인키(시군구코드+본번+부번)에 대응하는 연속지적도 필지를 찾지 못함
건축물\건축물대장_go12385_20260617220540.xlsx,17845,경기도,성남시 수정구,복정동,0000,0000,경기도 성남시 수정구 복정동 0000-0000,관광휴게시설,대체 조인키(시군구코드+본번+부번)에 대응하는 연속지적도 필지를 찾지 못함
건축물\건축물대장_go12385_20260617220540.xlsx,17847,경기도,성남시 수정구,복정동,0032,0024,경기도 성남시 수정구 복정동 0032-0024,단독주택,대체 조인키(시군구코드+본번+부번)에 대응하는 연속지적도 필지를 찾지 못함
건축물\건축물대장_go12385_20260617220540.xlsx,18684,경기도,성남시 수정구,창곡동,0000,0000,경기도 성남시 수정구 창곡동 0000-0000,관광휴게시설,대체 조인키(시군구코드+본번+부번)에 대응하는 연속지적도 필지를 찾지 못함
건축물\건축물대장_go12385_20260617220540.xlsx,18685,경기도,성남시 수정구,창곡동,0000,0000,경기도 성남시 수정구 창곡동 0000-0000,관광휴게시설,대체 조인키(시군구코드+본번+부번)에 대응하는 연속지적도 필지를 찾지 못함
건축물\건축물대장_go12385_20260617220540.xlsx,18686,경기도,성남시 수정구,창곡동,0000,0000,경기도 성남시 수정구 창곡동 0000-0000,관광휴게시설,대체 조인키(시군구코드+본번+부번)에 대응하는 연속지적도 필지를 찾지 못함
건축물\건축물대장_go12385_20260617220540.xlsx,18699,경기도,성남시 수정구,창곡동,0406,0004,경기도 성남시 수정구 창곡동 0406-0004,단독주택,대체 조인키(시군구코드+본번+부번)에 대응하는 연속지적도 필지를 찾지 못함
건축물\건축물대장_go12385_20260617220540.xlsx,18702,경기도,성남시 수정구,창곡동,0499,0033,경기도 성남시 수정구 창곡동 0499-0033,제1종근린생활시설,대체 조인키(시군구코드+본번+부번)에 대응하는 연속지적도 필지를 찾지 못함
건축물\건축물대장_go12385_20260617220540.xlsx,18703,경기도,성남시 수정구,창곡동,0499,0036,경기도 성남시 수정구 창곡동 0499-0036,제2종근린생활시설,대체 조인키(시군구코드+본번+부번)에 대응하는 연속지적도 필지를 찾지 못함
건축물\건축물대장_go12385_20260617220540.xlsx,18705,경기도,성남시 수정구,창곡동,0499,0199,경기도 성남시 수정구 창곡동 0499-0199,단독주택,대체 조인키(시군구코드+본번+부번)에 대응하는 연속지적도 필지를 찾지 못함
건축물\건축물대장_go12385_20260617220540.xlsx,21369,경기도,성남시 수정구,금토동,0000,0000,경기도 성남시 수정구 금토동 0000-0000,업무시설,대체 조인키(시군구코드+본번+부번)에 대응하는 연속지적도 필지를 찾지 못함
건축물\건축물대장_go12385_20260617220540.xlsx,21371,경기도,성남시 수정구,금토동,0000,0000,경기도 성남시 수정구 금토동 0000-0000,업무시설,대체 조인키(시군구코드+본번+부번)에 대응하는 연속지적도 필지를 찾지 못함
건축물\건축물대장_go12385_20260617220540.xlsx,21373,경기도,성남시 수정구,금토동,0000,0000,경기도 성남시 수정구 금토동 0000-0000,업무시설,대체 조인키(시군구코드+본번+부번)에 대응하는 연속지적도 필지를 찾지 못함
건축물\건축물대장_go12385_20260617220540.xlsx,21374,경기도,성남시 수정구,금토동,0000,0000,경기도 성남시 수정구 금토동 0000-0000,업무시설,대체 조인키(시군구코드+본번+부번)에 대응하는 연속지적도 필지를 찾지 못함
건축물\건축물대장_go12385_20260617220540.xlsx,21375,경기도,성남시 수정구,금토동,0000,0000,경기도 성남시 수정구 금토동 0000-0000,단독주택,대체 조인키(시군구코드+본번+부번)에 대응하는 연속지적도 필지를 찾지 못함
건축물\건축물대장_go12385_20260617220540.xlsx,21376,경기도,성남시 수정구,금토동,0000,0000,경기도 성남시 수정구 금토동 0000-0000,업무시설,대체 조인키(시군구코드+본번+부번)에 대응하는 연속지적도 필지를 찾지 못함
건축물\건축물대장_go12385_20260617220540.xlsx,21377,경기도,성남시 수정구,금토동,0000,0000,경기도 성남시 수정구 금토동 0000-0000,공장,대체 조인키(시군구코드+본번+부번)에 대응하는 연속지적도 필지를 찾지 못함
건축물\건축물대장_go12385_20260617220540.xlsx,21378,경기도,성남시 수정구,금토동,0000,0000,경기도 성남시 수정구 금토동 0000-0000,업무시설,대체 조인키(시군구코드+본번+부번)에 대응하는 연속지적도 필지를 찾지 못함
건축물\건축물대장_go12385_20260617220540.xlsx,21379,경기도,성남시 수정구,금토동,0000,0000,경기도 성남시 수정구 금토동 0000-0000,업무시설,대체 조인키(시군구코드+본번+부번)에 대응하는 연속지적도 필지를 찾지 못함
건축물\건축물대장_go12385_20260617220540.xlsx,21380,경기도,성남시 수정구,금토동,0000,0000,경기도 성남시 수정구 금토동 0000-0000,업무시설,대체 조인키(시군구코드+본번+부번)에 대응하는 연속지적도 필지를 찾지 못함
건축물\건축물대장_go12385_20260617220540.xlsx,21381,경기도,성남시 수정구,금토동,0000,0000,경기도 성남시 수정구 금토동 0000-0000,단독주택,대체 조인키(시군구코드+본번+부번)에 대응하는 연속지적도 필지를 찾지 못함
건축물\건축물대장_go12385_20260617220540.xlsx,21382,경기도,성남시 수정구,금토동,0000,0000,경기도 성남시 수정구 금토동 0000-0000,교육연구시설,대체 조인키(시군구코드+본번+부번)에 대응하는 연속지적도 필지를 찾지 못함
건축물\건축물대장_go12385_20260617220540.xlsx,21383,경기도,성남시 수정구,금토동,0000,0000,경기도 성남시 수정구 금토동 0000-0000,업무시설,대체 조인키(시군구코드+본번+부번)에 대응하는 연속지적도 필지를 찾지 못함
건축물\건축물대장_go12385_20260617220540.xlsx,21384,경기도,성남시 수정구,금토동,0000,0000,경기도 성남시 수정구 금토동 0000-0000,교육연구시설,대체 조인키(시군구코드+본번+부번)에 대응하는 연속지적도 필지를 찾지 못함
건축물\건축물대장_go12385_20260617220540.xlsx,21385,경기도,성남시 수정구,금토동,0000,0000,경기도 성남시 수정구 금토동 0000-0000,업무시설,대체 조인키(시군구코드+본번+부번)에 대응하는 연속지적도 필지를 찾지 못함
건축물\건축물대장_go12385_20260617220540.xlsx,21561,경기도,성남시 수정구,금토동,0427,0009,경기도 성남시 수정구 금토동 0427-0009,제1종근린생활시설,대체 조인키(시군구코드+본번+부번)에 대응하는 연속지적도 필지를 찾지 못함
건축물\건축물대장_go12385_20260617220540.xlsx,21905,경기도,하남시,천현동,0041,0012,경기도 하남시 천현동 0041-0012,동물및식물관련시설,대체 조인키(시군구코드+본번+부번)에 대응하는 연속지적도 필지를 찾지 못함
건축물\건축물대장_go12385_20260617220540.xlsx,23430,경기도,하남시,창우동,0000,0000,경기도 하남시 창우동 0000-0000,단독주택,대체 조인키(시군구코드+본번+부번)에 대응하는 연속지적도 필지를 찾지 못함
건축물\건축물대장_go12385_20260617220540.xlsx,23433,경기도,하남시,창우동,0001,0035,경기도 하남시 창우동 0001-0035,제1종근린생활시설,대체 조인키(시군구코드+본번+부번)에 대응하는 연속지적도 필지를 찾지 못함
건축물\건축물대장_go12385_20260617220540.xlsx,23434,경기도,하남시,창우동,0001,0036,경기도 하남시 창우동 0001-0036,단독주택,대체 조인키(시군구코드+본번+부번)에 대응하는 연속지적도 필지를 찾지 못함
건축물\건축물대장_go12385_20260617220540.xlsx,24442,경기도,하남시,상산곡동,0497,0014,경기도 하남시 상산곡동 0497-0014,제1종근린생활시설,대체 조인키(시군구코드+본번+부번)에 대응하는 연속지적도 필지를 찾지 못함
건축물\건축물대장_go12385_20260617220540.xlsx,24640,경기도,하남시,신장동,0081,0025,경기도 하남시 신장동 0081-0025,단독주택,대체 조인키(시군구코드+본번+부번)에 대응하는 연속지적도 필지를 찾지 못함
건축물\건축물대장_go12385_20260617220540.xlsx,24722,경기도,하남시,신장동,0107,0026,경기도 하남시 신장동 0107-0026,제2종근린생활시설,대체 조인키(시군구코드+본번+부번)에 대응하는 연속지적도 필지를 찾지 못함
건축물\건축물대장_go12385_20260617220540.xlsx,24866,경기도,하남시,신장동,0303,0061,경기도 하남시 신장동 0303-0061,제2종근린생활시설,대체 조인키(시군구코드+본번+부번)에 대응하는 연속지적도 필지를 찾지 못함
건축물\건축물대장_go12385_20260617220540.xlsx,25130,경기도,하남시,신장동,0427,0036,경기도 하남시 신장동 0427-0036,단독주택,대체 조인키(시군구코드+본번+부번)에 대응하는 연속지적도 필지를 찾지 못함
건축물\건축물대장_go12385_20260617220540.xlsx,25131,경기도,하남시,신장동,0427,0037,경기도 하남시 신장동 0427-0037,단독주택,대체 조인키(시군구코드+본번+부번)에 대응하는 연속지적도 필지를 찾지 못함
건축물\건축물대장_go12385_20260617220540.xlsx,25159,경기도,하남시,신장동,0427,0091,경기도 하남시 신장동 0427-0091,창고시설,대체 조인키(시군구코드+본번+부번)에 대응하는 연속지적도 필지를 찾지 못함
건축물\건축물대장_go12385_20260617220540.xlsx,25930,경기도,하남시,신장동,0455,0048,경기도 하남시 신장동 0455-0048,단독주택,대체 조인키(시군구코드+본번+부번)에 대응하는 연속지적도 필지를 찾지 못함
건축물\건축물대장_go12385_20260617220540.xlsx,26383,경기도,하남시,덕풍동,0023,0029,경기도 하남시 덕풍동 0023-0029,제1종근린생활시설,대체 조인키(시군구코드+본번+부번)에 대응하는 연속지적도 필지를 찾지 못함
건축물\건축물대장_go12385_20260617220540.xlsx,26445,경기도,하남시,덕풍동,0172,0047,경기도 하남시 덕풍동 0172-0047,단독주택,대체 조인키(시군구코드+본번+부번)에 대응하는 연속지적도 필지를 찾지 못함
건축물\건축물대장_go12385_20260617220540.xlsx,26803,경기도,하남시,덕풍동,0332,0035,경기도 하남시 덕풍동 0332-0035,단독주택,대체 조인키(시군구코드+본번+부번)에 대응하는 연속지적도 필지를 찾지 못함
건축물\건축물대장_go12385_20260617220540.xlsx,27387,경기도,하남시,덕풍동,0366,0098,경기도 하남시 덕풍동 0366-0098,단독주택,대체 조인키(시군구코드+본번+부번)에 대응하는 연속지적도 필지를 찾지 못함
건축물\건축물대장_go12385_20260617220540.xlsx,27801,경기도,하남시,덕풍동,0381,0088,경기도 하남시 덕풍동 0381-0088,단독주택,대체 조인키(시군구코드+본번+부번)에 대응하는 연속지적도 필지를 찾지 못함
건축물\건축물대장_go12385_20260617220540.xlsx,28489,경기도,하남시,덕풍동,0435,0203,경기도 하남시 덕풍동 0435-0203,자동차관련시설,대체 조인키(시군구코드+본번+부번)에 대응하는 연속지적도 필지를 찾지 못함
건축물\건축물대장_go12385_20260617220540.xlsx,28491,경기도,하남시,덕풍동,0435,0208,경기도 하남시 덕풍동 0435-0208,자동차관련시설,대체 조인키(시군구코드+본번+부번)에 대응하는 연속지적도 필지를 찾지 못함
건축물\건축물대장_go12385_20260617220540.xlsx,28492,경기도,하남시,덕풍동,0435,0219,경기도 하남시 덕풍동 0435-0219,제1종근린생활시설,대체 조인키(시군구코드+본번+부번)에 대응하는 연속지적도 필지를 찾지 못함
건축물\건축물대장_go12385_20260617220540.xlsx,28725,경기도,하남시,덕풍동,0508,0005,경기도 하남시 덕풍동 0508-0005,제2종근린생활시설,대체 조인키(시군구코드+본번+부번)에 대응하는 연속지적도 필지를 찾지 못함
건축물\건축물대장_go12385_20260617220540.xlsx,29838,경기도,하남시,망월동,0000,0000,경기도 하남시 망월동 0000-0000,제1종근린생활시설,대체 조인키(시군구코드+본번+부번)에 대응하는 연속지적도 필지를 찾지 못함
건축물\건축물대장_go12385_20260617220540.xlsx,29839,경기도,하남시,망월동,0000,0000,경기도 하남시 망월동 0000-0000,제1종근린생활시설,대체 조인키(시군구코드+본번+부번)에 대응하는 연속지적도 필지를 찾지 못함
건축물\건축물대장_go12385_20260617220540.xlsx,30912,경기도,하남시,풍산동,0000,0000,경기도 하남시 풍산동 0000-0000,관광휴게시설,대체 조인키(시군구코드+본번+부번)에 대응하는 연속지적도 필지를 찾지 못함
건축물\건축물대장_go12385_20260617220540.xlsx,32158,경기도,하남시,감북동,0025,0037,경기도 하남시 감북동 0025-0037,동물및식물관련시설,대체 조인키(시군구코드+본번+부번)에 대응하는 연속지적도 필지를 찾지 못함
건축물\건축물대장_go12385_20260617220540.xlsx,32814,경기도,하남시,감북동,0366,0067,경기도 하남시 감북동 0366-0067,단독주택,대체 조인키(시군구코드+본번+부번)에 대응하는 연속지적도 필지를 찾지 못함
건축물\건축물대장_go12385_20260617220540.xlsx,33144,경기도,하남시,감일동,0000,0000,경기도 하남시 감일동 0000-0000,단독주택,대체 조인키(시군구코드+본번+부번)에 대응하는 연속지적도 필지를 찾지 못함
건축물\건축물대장_go12385_20260617220540.xlsx,33145,경기도,하남시,감일동,0000,0000,경기도 하남시 감일동 0000-0000,단독주택,대체 조인키(시군구코드+본번+부번)에 대응하는 연속지적도 필지를 찾지 못함
건축물\건축물대장_go12385_20260617220540.xlsx,33146,경기도,하남시,감일동,0000,0000,경기도 하남시 감일동 0000-0000,단독주택,대체 조인키(시군구코드+본번+부번)에 대응하는 연속지적도 필지를 찾지 못함
건축물\건축물대장_go12385_20260617220540.xlsx,33147,경기도,하남시,감일동,0000,0000,경기도 하남시 감일동 0000-0000,단독주택,대체 조인키(시군구코드+본번+부번)에 대응하는 연속지적도 필지를 찾지 못함
건축물\건축물대장_go12385_20260617220540.xlsx,33148,경기도,하남시,감일동,0000,0000,경기도 하남시 감일동 0000-0000,단독주택,대체 조인키(시군구코드+본번+부번)에 대응하는 연속지적도 필지를 찾지 못함
건축물\건축물대장_go12385_20260617220540.xlsx,33149,경기도,하남시,감일동,0000,0000,경기도 하남시 감일동 0000-0000,단독주택,대체 조인키(시군구코드+본번+부번)에 대응하는 연속지적도 필지를 찾지 못함
건축물\건축물대장_go12385_20260617220540.xlsx,33150,경기도,하남시,감일동,0000,0000,경기도 하남시 감일동 0000-0000,단독주택,대체 조인키(시군구코드+본번+부번)에 대응하는 연속지적도 필지를 찾지 못함
건축물\건축물대장_go12385_20260617220540.xlsx,33151,경기도,하남시,감일동,0000,0000,경기도 하남시 감일동 0000-0000,단독주택,대체 조인키(시군구코드+본번+부번)에 대응하는 연속지적도 필지를 찾지 못함
건축물\건축물대장_go12385_20260617220540.xlsx,33152,경기도,하남시,감일동,0000,0000,경기도 하남시 감일동 0000-0000,단독주택,대체 조인키(시군구코드+본번+부번)에 대응하는 연속지적도 필지를 찾지 못함
건축물\건축물대장_go12385_20260617220540.xlsx,33153,경기도,하남시,감일동,0000,0000,경기도 하남시 감일동 0000-0000,단독주택,대체 조인키(시군구코드+본번+부번)에 대응하는 연속지적도 필지를 찾지 못함
건축물\건축물대장_go12385_20260617220540.xlsx,33154,경기도,하남시,감일동,0000,0000,경기도 하남시 감일동 0000-0000,단독주택,대체 조인키(시군구코드+본번+부번)에 대응하는 연속지적도 필지를 찾지 못함
건축물\건축물대장_go12385_20260617220540.xlsx,33155,경기도,하남시,감일동,0000,0000,경기도 하남시 감일동 0000-0000,단독주택,대체 조인키(시군구코드+본번+부번)에 대응하는 연속지적도 필지를 찾지 못함
건축물\건축물대장_go12385_20260617220540.xlsx,33156,경기도,하남시,감일동,0000,0000,경기도 하남시 감일동 0000-0000,단독주택,대체 조인키(시군구코드+본번+부번)에 대응하는 연속지적도 필지를 찾지 못함
건축물\건축물대장_go12385_20260617220540.xlsx,33157,경기도,하남시,감일동,0000,0000,경기도 하남시 감일동 0000-0000,단독주택,대체 조인키(시군구코드+본번+부번)에 대응하는 연속지적도 필지를 찾지 못함
건축물\건축물대장_go12385_20260617220540.xlsx,33158,경기도,하남시,감일동,0000,0000,경기도 하남시 감일동 0000-0000,단독주택,대체 조인키(시군구코드+본번+부번)에 대응하는 연속지적도 필지를 찾지 못함
건축물\건축물대장_go12385_20260617220540.xlsx,33159,경기도,하남시,감일동,0000,0000,경기도 하남시 감일동 0000-0000,단독주택,대체 조인키(시군구코드+본번+부번)에 대응하는 연속지적도 필지를 찾지 못함
건축물\건축물대장_go12385_20260617220540.xlsx,33160,경기도,하남시,감일동,0000,0000,경기도 하남시 감일동 0000-0000,단독주택,대체 조인키(시군구코드+본번+부번)에 대응하는 연속지적도 필지를 찾지 못함
건축물\건축물대장_go12385_20260617220540.xlsx,33161,경기도,하남시,감일동,0000,0000,경기도 하남시 감일동 0000-0000,단독주택,대체 조인키(시군구코드+본번+부번)에 대응하는 연속지적도 필지를 찾지 못함
건축물\건축물대장_go12385_20260617220540.xlsx,33162,경기도,하남시,감일동,0000,0000,경기도 하남시 감일동 0000-0000,단독주택,대체 조인키(시군구코드+본번+부번)에 대응하는 연속지적도 필지를 찾지 못함
건축물\건축물대장_go12385_20260617220540.xlsx,33163,경기도,하남시,감일동,0000,0000,경기도 하남시 감일동 0000-0000,단독주택,대체 조인키(시군구코드+본번+부번)에 대응하는 연속지적도 필지를 찾지 못함
건축물\건축물대장_go12385_20260617220540.xlsx,33164,경기도,하남시,감일동,0000,0000,경기도 하남시 감일동 0000-0000,단독주택,대체 조인키(시군구코드+본번+부번)에 대응하는 연속지적도 필지를 찾지 못함
건축물\건축물대장_go12385_20260617220540.xlsx,33165,경기도,하남시,감일동,0000,0000,경기도 하남시 감일동 0000-0000,단독주택,대체 조인키(시군구코드+본번+부번)에 대응하는 연속지적도 필지를 찾지 못함
건축물\건축물대장_go12385_20260617220540.xlsx,33166,경기도,하남시,감일동,0000,0000,경기도 하남시 감일동 0000-0000,단독주택,대체 조인키(시군구코드+본번+부번)에 대응하는 연속지적도 필지를 찾지 못함
건축물\건축물대장_go12385_20260617220540.xlsx,33167,경기도,하남시,감일동,0000,0000,경기도 하남시 감일동 0000-0000,단독주택,대체 조인키(시군구코드+본번+부번)에 대응하는 연속지적도 필지를 찾지 못함
건축물\건축물대장_go12385_20260617220540.xlsx,33168,경기도,하남시,감일동,0000,0000,경기도 하남시 감일동 0000-0000,단독주택,대체 조인키(시군구코드+본번+부번)에 대응하는 연속지적도 필지를 찾지 못함
건축물\건축물대장_go12385_20260617220540.xlsx,33169,경기도,하남시,감일동,0000,0000,경기도 하남시 감일동 0000-0000,단독주택,대체 조인키(시군구코드+본번+부번)에 대응하는 연속지적도 필지를 찾지 못함
건축물\건축물대장_go12385_20260617220540.xlsx,33170,경기도,하남시,감일동,0000,0000,경기도 하남시 감일동 0000-0000,단독주택,대체 조인키(시군구코드+본번+부번)에 대응하는 연속지적도 필지를 찾지 못함
건축물\건축물대장_go12385_20260617220540.xlsx,33171,경기도,하남시,감일동,0000,0000,경기도 하남시 감일동 0000-0000,단독주택,대체 조인키(시군구코드+본번+부번)에 대응하는 연속지적도 필지를 찾지 못함
건축물\건축물대장_go12385_20260617220540.xlsx,33172,경기도,하남시,감일동,0000,0000,경기도 하남시 감일동 0000-0000,단독주택,대체 조인키(시군구코드+본번+부번)에 대응하는 연속지적도 필지를 찾지 못함
건축물\건축물대장_go12385_20260617220540.xlsx,33483,경기도,하남시,감일동,0376,0082,경기도 하남시 감일동 0376-0082,단독주택,대체 조인키(시군구코드+본번+부번)에 대응하는 연속지적도 필지를 찾지 못함
건축물\건축물대장_go12385_20260617220540.xlsx,33487,경기도,하남시,감일동,0376,0117,경기도 하남시 감일동 0376-0117,단독주택,대체 조인키(시군구코드+본번+부번)에 대응하는 연속지적도 필지를 찾지 못함
건축물\건축물대장_go12385_20260617220540.xlsx,33488,경기도,하남시,감일동,0376,0120,경기도 하남시 감일동 0376-0120,단독주택,대체 조인키(시군구코드+본번+부번)에 대응하는 연속지적도 필지를 찾지 못함
건축물\건축물대장_go12385_20260617220540.xlsx,33759,경기도,하남시,감이동,0000,0000,경기도 하남시 감이동 0000-0000,단독주택,대체 조인키(시군구코드+본번+부번)에 대응하는 연속지적도 필지를 찾지 못함
건축물\건축물대장_go12385_20260617220540.xlsx,33765,경기도,하남시,감이동,0079,0027,경기도 하남시 감이동 0079-0027,단독주택,대체 조인키(시군구코드+본번+부번)에 대응하는 연속지적도 필지를 찾지 못함
건축물\건축물대장_go12385_20260617220540.xlsx,34216,경기도,하남시,학암동,0000,0000,경기도 하남시 학암동 0000-0000,제1종근린생활시설,대체 조인키(시군구코드+본번+부번)에 대응하는 연속지적도 필지를 찾지 못함
건축물\건축물대장_go12385_20260617220540.xlsx,35261,경기도,하남시,춘궁동,0303,0018,경기도 하남시 춘궁동 0303-0018,동물및식물관련시설,대체 조인키(시군구코드+본번+부번)에 대응하는 연속지적도 필지를 찾지 못함
건축물\건축물대장_go12385_20260617220540.xlsx,37178,경기도,하남시,초이동,0000,0000,경기도 하남시 초이동 0000-0000,공장,대체 조인키(시군구코드+본번+부번)에 대응하는 연속지적도 필지를 찾지 못함
건축물\건축물대장_go12385_20260617220540.xlsx,37179,경기도,하남시,초이동,0000,0000,경기도 하남시 초이동 0000-0000,공장,대체 조인키(시군구코드+본번+부번)에 대응하는 연속지적도 필지를 찾지 못함
건축물\건축물대장_go12385_20260617220540.xlsx,39154,경기도,성남시 분당구,분당동,0157,0021,경기도 성남시 분당구 분당동 0157-0021,창고시설,대체 조인키(시군구코드+본번+부번)에 대응하는 연속지적도 필지를 찾지 못함
건축물\건축물대장_go12385_20260617220540.xlsx,39339,경기도,성남시 분당구,분당동,0231,0030,경기도 성남시 분당구 분당동 0231-0030,관광휴게시설,대체 조인키(시군구코드+본번+부번)에 대응하는 연속지적도 필지를 찾지 못함
건축물\건축물대장_go12385_20260617220540.xlsx,39340,경기도,성남시 분당구,분당동,0231,0046,경기도 성남시 분당구 분당동 0231-0046,창고시설,대체 조인키(시군구코드+본번+부번)에 대응하는 연속지적도 필지를 찾지 못함
건축물\건축물대장_go12385_20260617220540.xlsx,39341,경기도,성남시 분당구,분당동,0231,0083,경기도 성남시 분당구 분당동 0231-0083,창고시설,대체 조인키(시군구코드+본번+부번)에 대응하는 연속지적도 필지를 찾지 못함
건축물\건축물대장_go12385_20260617220540.xlsx,39342,경기도,성남시 분당구,분당동,0234,0021,경기도 성남시 분당구 분당동 0234-0021,제1종근린생활시설,대체 조인키(시군구코드+본번+부번)에 대응하는 연속지적도 필지를 찾지 못함
건축물\건축물대장_go12385_20260617220540.xlsx,40117,경기도,성남시 분당구,수내동,0425,0006,경기도 성남시 분당구 수내동 0425-0006,관광휴게시설,대체 조인키(시군구코드+본번+부번)에 대응하는 연속지적도 필지를 찾지 못함
건축물\건축물대장_go12385_20260617220540.xlsx,40118,경기도,성남시 분당구,정자동,0000,0000,경기도 성남시 분당구 정자동 0000-0000,공동주택,대체 조인키(시군구코드+본번+부번)에 대응하는 연속지적도 필지를 찾지 못함
건축물\건축물대장_go12385_20260617220540.xlsx,41906,경기도,성남시 분당구,율동,0393,0001,경기도 성남시 분당구 율동 0393-0001,단독주택,대체 조인키(시군구코드+본번+부번)에 대응하는 연속지적도 필지를 찾지 못함
건축물\건축물대장_go12385_20260617220540.xlsx,42933,경기도,성남시 분당구,서현동,0684,0006,경기도 성남시 분당구 서현동 0684-0006,관광휴게시설,대체 조인키(시군구코드+본번+부번)에 대응하는 연속지적도 필지를 찾지 못함
건축물\건축물대장_go12385_20260617220540.xlsx,43783,경기도,성남시 분당구,야탑동,0000,0000,경기도 성남시 분당구 야탑동 0000-0000,자동차관련시설,대체 조인키(시군구코드+본번+부번)에 대응하는 연속지적도 필지를 찾지 못함
건축물\건축물대장_go12385_20260617220540.xlsx,43784,경기도,성남시 분당구,야탑동,0000,0000,경기도 성남시 분당구 야탑동 0000-0000,자동차관련시설,대체 조인키(시군구코드+본번+부번)에 대응하는 연속지적도 필지를 찾지 못함
건축물\건축물대장_go12385_20260617220540.xlsx,45552,경기도,성남시 분당구,야탑동,0680,0020,경기도 성남시 분당구 야탑동 0680-0020,동물및식물관련시설,대체 조인키(시군구코드+본번+부번)에 대응하는 연속지적도 필지를 찾지 못함
건축물\건축물대장_go12385_20260617220540.xlsx,45554,경기도,성남시 분당구,야탑동,0685,0005,경기도 성남시 분당구 야탑동 0685-0005,창고시설,대체 조인키(시군구코드+본번+부번)에 대응하는 연속지적도 필지를 찾지 못함
건축물\건축물대장_go12385_20260617220540.xlsx,45555,경기도,성남시 분당구,야탑동,0685,0010,경기도 성남시 분당구 야탑동 0685-0010,창고시설,대체 조인키(시군구코드+본번+부번)에 대응하는 연속지적도 필지를 찾지 못함
건축물\건축물대장_go12385_20260617220540.xlsx,45556,경기도,성남시 분당구,야탑동,0686,0003,경기도 성남시 분당구 야탑동 0686-0003,창고시설,대체 조인키(시군구코드+본번+부번)에 대응하는 연속지적도 필지를 찾지 못함
건축물\건축물대장_go12385_20260617220540.xlsx,45558,경기도,성남시 분당구,야탑동,0740,0011,경기도 성남시 분당구 야탑동 0740-0011,제2종근린생활시설,대체 조인키(시군구코드+본번+부번)에 대응하는 연속지적도 필지를 찾지 못함
건축물\건축물대장_go12385_20260617220540.xlsx,45570,경기도,성남시 분당구,야탑동,0810,0000,경기도 성남시 분당구 야탑동 0810-0000,제1종근린생활시설,대체 조인키(시군구코드+본번+부번)에 대응하는 연속지적도 필지를 찾지 못함
건축물\건축물대장_go12385_20260617220540.xlsx,45571,경기도,성남시 분당구,야탑동,0838,0000,경기도 성남시 분당구 야탑동 0838-0000,제1종근린생활시설,대체 조인키(시군구코드+본번+부번)에 대응하는 연속지적도 필지를 찾지 못함
건축물\건축물대장_go12385_20260617220540.xlsx,45572,경기도,성남시 분당구,야탑동,0866,0000,경기도 성남시 분당구 야탑동 0866-0000,제1종근린생활시설,대체 조인키(시군구코드+본번+부번)에 대응하는 연속지적도 필지를 찾지 못함
건축물\건축물대장_go12385_20260617220540.xlsx,45574,경기도,성남시 분당구,야탑동,1352,0000,경기도 성남시 분당구 야탑동 1352-0000,제1종근린생활시설,대체 조인키(시군구코드+본번+부번)에 대응하는 연속지적도 필지를 찾지 못함
건축물\건축물대장_go12385_20260617220540.xlsx,45575,경기도,성남시 분당구,야탑동,1374,0000,경기도 성남시 분당구 야탑동 1374-0000,동물및식물관련시설,대체 조인키(시군구코드+본번+부번)에 대응하는 연속지적도 필지를 찾지 못함
건축물\건축물대장_go12385_20260617220540.xlsx,45576,경기도,성남시 분당구,야탑동,1443,0000,경기도 성남시 분당구 야탑동 1443-0000,관광휴게시설,대체 조인키(시군구코드+본번+부번)에 대응하는 연속지적도 필지를 찾지 못함
건축물\건축물대장_go12385_20260617220540.xlsx,45577,경기도,성남시 분당구,야탑동,1473,0000,경기도 성남시 분당구 야탑동 1473-0000,관광휴게시설,대체 조인키(시군구코드+본번+부번)에 대응하는 연속지적도 필지를 찾지 못함
건축물\건축물대장_go12385_20260617220540.xlsx,45578,경기도,성남시 분당구,야탑동,1503,0000,경기도 성남시 분당구 야탑동 1503-0000,단독주택,대체 조인키(시군구코드+본번+부번)에 대응하는 연속지적도 필지를 찾지 못함
건축물\건축물대장_go12385_20260617220540.xlsx,45579,경기도,성남시 분당구,야탑동,1506,0000,경기도 성남시 분당구 야탑동 1506-0000,단독주택,대체 조인키(시군구코드+본번+부번)에 대응하는 연속지적도 필지를 찾지 못함
건축물\건축물대장_go12385_20260617220540.xlsx,45580,경기도,성남시 분당구,야탑동,1506,0000,경기도 성남시 분당구 야탑동 1506-0000,단독주택,대체 조인키(시군구코드+본번+부번)에 대응하는 연속지적도 필지를 찾지 못함
건축물\건축물대장_go12385_20260617220540.xlsx,45581,경기도,성남시 분당구,야탑동,1736,0000,경기도 성남시 분당구 야탑동 1736-0000,제1종근린생활시설,대체 조인키(시군구코드+본번+부번)에 대응하는 연속지적도 필지를 찾지 못함
건축물\건축물대장_go12385_20260617220540.xlsx,45582,경기도,성남시 분당구,야탑동,2040,0000,경기도 성남시 분당구 야탑동 2040-0000,관광휴게시설,대체 조인키(시군구코드+본번+부번)에 대응하는 연속지적도 필지를 찾지 못함
건축물\건축물대장_go12385_20260617220540.xlsx,45583,경기도,성남시 분당구,야탑동,2065,0000,경기도 성남시 분당구 야탑동 2065-0000,관광휴게시설,대체 조인키(시군구코드+본번+부번)에 대응하는 연속지적도 필지를 찾지 못함
건축물\건축물대장_go12385_20260617220540.xlsx,45587,경기도,성남시 분당구,판교동,0157,0028,경기도 성남시 분당구 판교동 0157-0028,단독주택,대체 조인키(시군구코드+본번+부번)에 대응하는 연속지적도 필지를 찾지 못함
건축물\건축물대장_go12385_20260617220540.xlsx,45588,경기도,성남시 분당구,판교동,0157,0035,경기도 성남시 분당구 판교동 0157-0035,단독주택,대체 조인키(시군구코드+본번+부번)에 대응하는 연속지적도 필지를 찾지 못함
건축물\건축물대장_go12385_20260617220540.xlsx,45591,경기도,성남시 분당구,판교동,0170,0019,경기도 성남시 분당구 판교동 0170-0019,단독주택,대체 조인키(시군구코드+본번+부번)에 대응하는 연속지적도 필지를 찾지 못함
건축물\건축물대장_go12385_20260617220540.xlsx,45592,경기도,성남시 분당구,판교동,0170,0023,경기도 성남시 분당구 판교동 0170-0023,단독주택,대체 조인키(시군구코드+본번+부번)에 대응하는 연속지적도 필지를 찾지 못함
건축물\건축물대장_go12385_20260617220540.xlsx,45594,경기도,성남시 분당구,판교동,0182,0011,경기도 성남시 분당구 판교동 0182-0011,제1종근린생활시설,대체 조인키(시군구코드+본번+부번)에 대응하는 연속지적도 필지를 찾지 못함
건축물\건축물대장_go12385_20260617220540.xlsx,45600,경기도,성남시 분당구,판교동,0209,0003,경기도 성남시 분당구 판교동 0209-0003,자동차관련시설,대체 조인키(시군구코드+본번+부번)에 대응하는 연속지적도 필지를 찾지 못함
건축물\건축물대장_go12385_20260617220540.xlsx,45604,경기도,성남시 분당구,판교동,0259,0009,경기도 성남시 분당구 판교동 0259-0009,제2종근린생활시설,대체 조인키(시군구코드+본번+부번)에 대응하는 연속지적도 필지를 찾지 못함
건축물\건축물대장_go12385_20260617220540.xlsx,45605,경기도,성남시 분당구,판교동,0259,0011,경기도 성남시 분당구 판교동 0259-0011,제2종근린생활시설,대체 조인키(시군구코드+본번+부번)에 대응하는 연속지적도 필지를 찾지 못함
건축물\건축물대장_go12385_20260617220540.xlsx,45606,경기도,성남시 분당구,판교동,0259,0011,경기도 성남시 분당구 판교동 0259-0011,제1종근린생활시설,대체 조인키(시군구코드+본번+부번)에 대응하는 연속지적도 필지를 찾지 못함
건축물\건축물대장_go12385_20260617220540.xlsx,45607,경기도,성남시 분당구,판교동,0259,0012,경기도 성남시 분당구 판교동 0259-0012,제2종근린생활시설,대체 조인키(시군구코드+본번+부번)에 대응하는 연속지적도 필지를 찾지 못함
건축물\건축물대장_go12385_20260617220540.xlsx,45614,경기도,성남시 분당구,판교동,0342,0010,경기도 성남시 분당구 판교동 0342-0010,창고시설,대체 조인키(시군구코드+본번+부번)에 대응하는 연속지적도 필지를 찾지 못함
건축물\건축물대장_go12385_20260617220540.xlsx,45626,경기도,성남시 분당구,판교동,0425,0006,경기도 성남시 분당구 판교동 0425-0006,동물및식물관련시설,대체 조인키(시군구코드+본번+부번)에 대응하는 연속지적도 필지를 찾지 못함
건축물\건축물대장_go12385_20260617220540.xlsx,45628,경기도,성남시 분당구,판교동,0429,0001,경기도 성남시 분당구 판교동 0429-0001,동물및식물관련시설,대체 조인키(시군구코드+본번+부번)에 대응하는 연속지적도 필지를 찾지 못함
건축물\건축물대장_go12385_20260617220540.xlsx,45629,경기도,성남시 분당구,판교동,0429,0005,경기도 성남시 분당구 판교동 0429-0005,동물및식물관련시설,대체 조인키(시군구코드+본번+부번)에 대응하는 연속지적도 필지를 찾지 못함
건축물\건축물대장_go12385_20260617220540.xlsx,45634,경기도,성남시 분당구,판교동,0432,0010,경기도 성남시 분당구 판교동 0432-0010,동물및식물관련시설,대체 조인키(시군구코드+본번+부번)에 대응하는 연속지적도 필지를 찾지 못함
건축물\건축물대장_go12385_20260617220540.xlsx,45637,경기도,성남시 분당구,판교동,0436,0005,경기도 성남시 분당구 판교동 0436-0005,동물및식물관련시설,대체 조인키(시군구코드+본번+부번)에 대응하는 연속지적도 필지를 찾지 못함
건축물\건축물대장_go12385_20260617220540.xlsx,45638,경기도,성남시 분당구,판교동,0436,0006,경기도 성남시 분당구 판교동 0436-0006,동물및식물관련시설,대체 조인키(시군구코드+본번+부번)에 대응하는 연속지적도 필지를 찾지 못함
건축물\건축물대장_go12385_20260617220540.xlsx,46860,경기도,성남시 분당구,삼평동,0090,0022,경기도 성남시 분당구 삼평동 0090-0022,단독주택,대체 조인키(시군구코드+본번+부번)에 대응하는 연속지적도 필지를 찾지 못함
건축물\건축물대장_go12385_20260617220540.xlsx,46861,경기도,성남시 분당구,삼평동,0147,0015,경기도 성남시 분당구 삼평동 0147-0015,동물및식물관련시설,대체 조인키(시군구코드+본번+부번)에 대응하는 연속지적도 필지를 찾지 못함
건축물\건축물대장_go12385_20260617220540.xlsx,46863,경기도,성남시 분당구,삼평동,0239,0010,경기도 성남시 분당구 삼평동 0239-0010,제1종근린생활시설,대체 조인키(시군구코드+본번+부번)에 대응하는 연속지적도 필지를 찾지 못함
건축물\건축물대장_go12385_20260617220540.xlsx,46893,경기도,성남시 분당구,삼평동,0443,0006,경기도 성남시 분당구 삼평동 0443-0006,단독주택,대체 조인키(시군구코드+본번+부번)에 대응하는 연속지적도 필지를 찾지 못함
건축물\건축물대장_go12385_20260617220540.xlsx,46895,경기도,성남시 분당구,삼평동,0455,0018,경기도 성남시 분당구 삼평동 0455-0018,창고시설,대체 조인키(시군구코드+본번+부번)에 대응하는 연속지적도 필지를 찾지 못함
건축물\건축물대장_go12385_20260617220540.xlsx,46896,경기도,성남시 분당구,삼평동,0463,0001,경기도 성남시 분당구 삼평동 0463-0001,창고시설,대체 조인키(시군구코드+본번+부번)에 대응하는 연속지적도 필지를 찾지 못함
건축물\건축물대장_go12385_20260617220540.xlsx,46898,경기도,성남시 분당구,삼평동,0466,0004,경기도 성남시 분당구 삼평동 0466-0004,창고시설,대체 조인키(시군구코드+본번+부번)에 대응하는 연속지적도 필지를 찾지 못함
건축물\건축물대장_go12385_20260617220540.xlsx,46899,경기도,성남시 분당구,삼평동,0466,0007,경기도 성남시 분당구 삼평동 0466-0007,미분류,대체 조인키(시군구코드+본번+부번)에 대응하는 연속지적도 필지를 찾지 못함
건축물\건축물대장_go12385_20260617220540.xlsx,46901,경기도,성남시 분당구,삼평동,0514,0046,경기도 성남시 분당구 삼평동 0514-0046,단독주택,대체 조인키(시군구코드+본번+부번)에 대응하는 연속지적도 필지를 찾지 못함
건축물\건축물대장_go12385_20260617220540.xlsx,46902,경기도,성남시 분당구,삼평동,0514,0070,경기도 성남시 분당구 삼평동 0514-0070,동물및식물관련시설,대체 조인키(시군구코드+본번+부번)에 대응하는 연속지적도 필지를 찾지 못함
건축물\건축물대장_go12385_20260617220540.xlsx,46903,경기도,성남시 분당구,삼평동,0514,0129,경기도 성남시 분당구 삼평동 0514-0129,공장,대체 조인키(시군구코드+본번+부번)에 대응하는 연속지적도 필지를 찾지 못함
건축물\건축물대장_go12385_20260617220540.xlsx,47286,경기도,성남시 분당구,백현동,0298,0024,경기도 성남시 분당구 백현동 0298-0024,단독주택,대체 조인키(시군구코드+본번+부번)에 대응하는 연속지적도 필지를 찾지 못함
건축물\건축물대장_go12385_20260617220540.xlsx,47425,경기도,성남시 분당구,백현동,0516,0021,경기도 성남시 분당구 백현동 0516-0021,제2종근린생활시설,대체 조인키(시군구코드+본번+부번)에 대응하는 연속지적도 필지를 찾지 못함
건축물\건축물대장_go12385_20260617220540.xlsx,51096,경기도,성남시 분당구,대장동,0000,0000,경기도 성남시 분당구 대장동 0000-0000,자동차관련시설,대체 조인키(시군구코드+본번+부번)에 대응하는 연속지적도 필지를 찾지 못함
건축물\건축물대장_go12385_20260617220540.xlsx,51097,경기도,성남시 분당구,대장동,0000,0000,경기도 성남시 분당구 대장동 0000-0000,자동차관련시설,대체 조인키(시군구코드+본번+부번)에 대응하는 연속지적도 필지를 찾지 못함
건축물\건축물대장_go12385_20260617220540.xlsx,51098,경기도,성남시 분당구,대장동,0000,0000,경기도 성남시 분당구 대장동 0000-0000,제1종근린생활시설,대체 조인키(시군구코드+본번+부번)에 대응하는 연속지적도 필지를 찾지 못함
건축물\건축물대장_go12385_20260617220540.xlsx,51138,경기도,성남시 분당구,대장동,0037,0018,경기도 성남시 분당구 대장동 0037-0018,제1종근린생활시설,대체 조인키(시군구코드+본번+부번)에 대응하는 연속지적도 필지를 찾지 못함
건축물\건축물대장_go12385_20260617220540.xlsx,51148,경기도,성남시 분당구,대장동,0312,0021,경기도 성남시 분당구 대장동 0312-0021,제1종근린생활시설,대체 조인키(시군구코드+본번+부번)에 대응하는 연속지적도 필지를 찾지 못함
건축물\건축물대장_go12385_20260617220650.xlsx,1,서울특별시,송파구,잠실동,0000,0000,서울특별시 송파구 잠실동 0000-0000,업무시설,대체 조인키(시군구코드+본번+부번)에 대응하는 연속지적도 필지를 찾지 못함
건축물\건축물대장_go12385_20260617220650.xlsx,2,서울특별시,송파구,잠실동,0000,0000,서울특별시 송파구 잠실동 0000-0000,제1종근린생활시설,대체 조인키(시군구코드+본번+부번)에 대응하는 연속지적도 필지를 찾지 못함
건축물\건축물대장_go12385_20260617220650.xlsx,2396,서울특별시,송파구,잠실동,0410,0000,서울특별시 송파구 잠실동 0410-0000,단독주택,대체 조인키(시군구코드+본번+부번)에 대응하는 연속지적도 필지를 찾지 못함
건축물\건축물대장_go12385_20260617220650.xlsx,2397,서울특별시,송파구,잠실동,0414,0000,서울특별시 송파구 잠실동 0414-0000,단독주택,대체 조인키(시군구코드+본번+부번)에 대응하는 연속지적도 필지를 찾지 못함
건축물\건축물대장_go12385_20260617220650.xlsx,2402,서울특별시,송파구,잠실동,0714,0000,서울특별시 송파구 잠실동 0714-0000,단독주택,대체 조인키(시군구코드+본번+부번)에 대응하는 연속지적도 필지를 찾지 못함
건축물\건축물대장_go12385_20260617220650.xlsx,2403,서울특별시,송파구,잠실동,0735,0000,서울특별시 송파구 잠실동 0735-0000,단독주택,대체 조인키(시군구코드+본번+부번)에 대응하는 연속지적도 필지를 찾지 못함
건축물\건축물대장_go12385_20260617220650.xlsx,2404,서울특별시,송파구,잠실동,0760,0000,서울특별시 송파구 잠실동 0760-0000,제2종근린생활시설,대체 조인키(시군구코드+본번+부번)에 대응하는 연속지적도 필지를 찾지 못함
건축물\건축물대장_go12385_20260617220650.xlsx,2405,서울특별시,송파구,잠실동,0764,0000,서울특별시 송파구 잠실동 0764-0000,제1종근린생활시설,대체 조인키(시군구코드+본번+부번)에 대응하는 연속지적도 필지를 찾지 못함
건축물\건축물대장_go12385_20260617220650.xlsx,2408,서울특별시,송파구,잠실동,0992,0000,서울특별시 송파구 잠실동 0992-0000,단독주택,대체 조인키(시군구코드+본번+부번)에 대응하는 연속지적도 필지를 찾지 못함
건축물\건축물대장_go12385_20260617220650.xlsx,2409,서울특별시,송파구,잠실동,1043,0000,서울특별시 송파구 잠실동 1043-0000,단독주택,대체 조인키(시군구코드+본번+부번)에 대응하는 연속지적도 필지를 찾지 못함
건축물\건축물대장_go12385_20260617220650.xlsx,2410,서울특별시,송파구,잠실동,1051,0000,서울특별시 송파구 잠실동 1051-0000,단독주택,대체 조인키(시군구코드+본번+부번)에 대응하는 연속지적도 필지를 찾지 못함
건축물\건축물대장_go12385_20260617220650.xlsx,2411,서울특별시,송파구,잠실동,1130,0000,서울특별시 송파구 잠실동 1130-0000,제2종근린생활시설,대체 조인키(시군구코드+본번+부번)에 대응하는 연속지적도 필지를 찾지 못함
건축물\건축물대장_go12385_20260617220650.xlsx,2412,서울특별시,송파구,잠실동,1140,0000,서울특별시 송파구 잠실동 1140-0000,제1종근린생활시설,대체 조인키(시군구코드+본번+부번)에 대응하는 연속지적도 필지를 찾지 못함
건축물\건축물대장_go12385_20260617220650.xlsx,2413,서울특별시,송파구,잠실동,1172,0000,서울특별시 송파구 잠실동 1172-0000,제1종근린생활시설,대체 조인키(시군구코드+본번+부번)에 대응하는 연속지적도 필지를 찾지 못함
건축물\건축물대장_go12385_20260617220650.xlsx,2414,서울특별시,송파구,잠실동,1174,0000,서울특별시 송파구 잠실동 1174-0000,제1종근린생활시설,대체 조인키(시군구코드+본번+부번)에 대응하는 연속지적도 필지를 찾지 못함
건축물\건축물대장_go12385_20260617220650.xlsx,2416,서울특별시,송파구,신천동,0001,0130,서울특별시 송파구 신천동 0001-0130,단독주택,대체 조인키(시군구코드+본번+부번)에 대응하는 연속지적도 필지를 찾지 못함
건축물\건축물대장_go12385_20260617220650.xlsx,2607,서울특별시,송파구,풍납동,0047,0031,서울특별시 송파구 풍납동 0047-0031,단독주택,대체 조인키(시군구코드+본번+부번)에 대응하는 연속지적도 필지를 찾지 못함
건축물\건축물대장_go12385_20260617220650.xlsx,2608,서울특별시,송파구,풍납동,0047,0034,서울특별시 송파구 풍납동 0047-0034,단독주택,대체 조인키(시군구코드+본번+부번)에 대응하는 연속지적도 필지를 찾지 못함
건축물\건축물대장_go12385_20260617220650.xlsx,3287,서울특별시,송파구,풍납동,0199,0043,서울특별시 송파구 풍납동 0199-0043,단독주택,대체 조인키(시군구코드+본번+부번)에 대응하는 연속지적도 필지를 찾지 못함
건축물\건축물대장_go12385_20260617220650.xlsx,3936,서울특별시,송파구,풍납동,0393,0009,서울특별시 송파구 풍납동 0393-0009,단독주택,대체 조인키(시군구코드+본번+부번)에 대응하는 연속지적도 필지를 찾지 못함
건축물\건축물대장_go12385_20260617220650.xlsx,3945,서울특별시,송파구,풍납동,0394,0006,서울특별시 송파구 풍납동 0394-0006,제1종근린생활시설,대체 조인키(시군구코드+본번+부번)에 대응하는 연속지적도 필지를 찾지 못함
건축물\건축물대장_go12385_20260617220650.xlsx,3967,서울특별시,송파구,풍납동,0395,0014,서울특별시 송파구 풍납동 0395-0014,단독주택,대체 조인키(시군구코드+본번+부번)에 대응하는 연속지적도 필지를 찾지 못함
건축물\건축물대장_go12385_20260617220650.xlsx,3968,서울특별시,송파구,풍납동,0395,0015,서울특별시 송파구 풍납동 0395-0015,단독주택,대체 조인키(시군구코드+본번+부번)에 대응하는 연속지적도 필지를 찾지 못함
건축물\건축물대장_go12385_20260617220650.xlsx,3969,서울특별시,송파구,풍납동,0395,0016,서울특별시 송파구 풍납동 0395-0016,단독주택,대체 조인키(시군구코드+본번+부번)에 대응하는 연속지적도 필지를 찾지 못함
건축물\건축물대장_go12385_20260617220650.xlsx,4048,서울특별시,송파구,풍납동,0401,0012,서울특별시 송파구 풍납동 0401-0012,동물및식물관련시설,대체 조인키(시군구코드+본번+부번)에 대응하는 연속지적도 필지를 찾지 못함
건축물\건축물대장_go12385_20260617220650.xlsx,4138,서울특별시,송파구,풍납동,0474,0012,서울특별시 송파구 풍납동 0474-0012,단독주택,대체 조인키(시군구코드+본번+부번)에 대응하는 연속지적도 필지를 찾지 못함
건축물\건축물대장_go12385_20260617220650.xlsx,6879,서울특별시,송파구,석촌동,0037,0015,서울특별시 송파구 석촌동 0037-0015,단독주택,대체 조인키(시군구코드+본번+부번)에 대응하는 연속지적도 필지를 찾지 못함
건축물\건축물대장_go12385_20260617220650.xlsx,8263,서울특별시,송파구,석촌동,0266,0002,서울특별시 송파구 석촌동 0266-0002,단독주택,대체 조인키(시군구코드+본번+부번)에 대응하는 연속지적도 필지를 찾지 못함
건축물\건축물대장_go12385_20260617220650.xlsx,12592,서울특별시,송파구,가락동,0177,0061,서울특별시 송파구 가락동 0177-0061,단독주택,대체 조인키(시군구코드+본번+부번)에 대응하는 연속지적도 필지를 찾지 못함
건축물\건축물대장_go12385_20260617220650.xlsx,12623,서울특별시,송파구,가락동,0180,0082,서울특별시 송파구 가락동 0180-0082,단독주택,대체 조인키(시군구코드+본번+부번)에 대응하는 연속지적도 필지를 찾지 못함
건축물\건축물대장_go12385_20260617220650.xlsx,12624,서울특별시,송파구,가락동,0180,0083,서울특별시 송파구 가락동 0180-0083,단독주택,대체 조인키(시군구코드+본번+부번)에 대응하는 연속지적도 필지를 찾지 못함
건축물\건축물대장_go12385_20260617220650.xlsx,12939,서울특별시,송파구,가락동,0780,0000,서울특별시 송파구 가락동 0780-0000,판매시설,대체 조인키(시군구코드+본번+부번)에 대응하는 연속지적도 필지를 찾지 못함
건축물\건축물대장_go12385_20260617220650.xlsx,14824,서울특별시,송파구,장지동,0000,0000,서울특별시 송파구 장지동 0000-0000,제2종근린생활시설,대체 조인키(시군구코드+본번+부번)에 대응하는 연속지적도 필지를 찾지 못함
건축물\건축물대장_go12385_20260617220650.xlsx,14825,서울특별시,송파구,장지동,0000,0000,서울특별시 송파구 장지동 0000-0000,위험물저장및처리시설,대체 조인키(시군구코드+본번+부번)에 대응하는 연속지적도 필지를 찾지 못함
건축물\건축물대장_go12385_20260617220650.xlsx,14826,서울특별시,송파구,장지동,0000,0000,서울특별시 송파구 장지동 0000-0000,위험물저장및처리시설,대체 조인키(시군구코드+본번+부번)에 대응하는 연속지적도 필지를 찾지 못함
건축물\건축물대장_go12385_20260617220650.xlsx,14845,서울특별시,송파구,장지동,0200,0044,서울특별시 송파구 장지동 0200-0044,단독주택,대체 조인키(시군구코드+본번+부번)에 대응하는 연속지적도 필지를 찾지 못함
건축물\건축물대장_go12385_20260617220650.xlsx,14850,서울특별시,송파구,장지동,0204,0017,서울특별시 송파구 장지동 0204-0017,자동차관련시설,대체 조인키(시군구코드+본번+부번)에 대응하는 연속지적도 필지를 찾지 못함
건축물\건축물대장_go12385_20260617220650.xlsx,14851,서울특별시,송파구,장지동,0204,0025,서울특별시 송파구 장지동 0204-0025,자동차관련시설,대체 조인키(시군구코드+본번+부번)에 대응하는 연속지적도 필지를 찾지 못함
건축물\건축물대장_go12385_20260617220650.xlsx,14852,서울특별시,송파구,장지동,0204,0025,서울특별시 송파구 장지동 0204-0025,자동차관련시설,대체 조인키(시군구코드+본번+부번)에 대응하는 연속지적도 필지를 찾지 못함
건축물\건축물대장_go12385_20260617220650.xlsx,15176,서울특별시,송파구,장지동,0875,0000,서울특별시 송파구 장지동 0875-0000,창고시설,대체 조인키(시군구코드+본번+부번)에 대응하는 연속지적도 필지를 찾지 못함
건축물\건축물대장_go12385_20260617220650.xlsx,15177,서울특별시,송파구,장지동,0875,0000,서울특별시 송파구 장지동 0875-0000,창고시설,대체 조인키(시군구코드+본번+부번)에 대응하는 연속지적도 필지를 찾지 못함
건축물\건축물대장_go12385_20260617220650.xlsx,15178,서울특별시,송파구,장지동,0875,0000,서울특별시 송파구 장지동 0875-0000,자동차관련시설,대체 조인키(시군구코드+본번+부번)에 대응하는 연속지적도 필지를 찾지 못함
건축물\건축물대장_go12385_20260617220650.xlsx,15179,서울특별시,송파구,장지동,0875,0000,서울특별시 송파구 장지동 0875-0000,창고시설,대체 조인키(시군구코드+본번+부번)에 대응하는 연속지적도 필지를 찾지 못함
건축물\건축물대장_go12385_20260617220650.xlsx,15180,서울특별시,송파구,장지동,0877,0000,서울특별시 송파구 장지동 0877-0000,분뇨.쓰레기처리시설,대체 조인키(시군구코드+본번+부번)에 대응하는 연속지적도 필지를 찾지 못함
건축물\건축물대장_go12385_20260617220650.xlsx,15181,서울특별시,송파구,장지동,0877,0000,서울특별시 송파구 장지동 0877-0000,분뇨.쓰레기처리시설,대체 조인키(시군구코드+본번+부번)에 대응하는 연속지적도 필지를 찾지 못함
건축물\건축물대장_go12385_20260617220650.xlsx,15182,서울특별시,송파구,장지동,0877,0000,서울특별시 송파구 장지동 0877-0000,분뇨.쓰레기처리시설,대체 조인키(시군구코드+본번+부번)에 대응하는 연속지적도 필지를 찾지 못함
건축물\건축물대장_go12385_20260617220650.xlsx,15183,서울특별시,송파구,장지동,0877,0000,서울특별시 송파구 장지동 0877-0000,분뇨.쓰레기처리시설,대체 조인키(시군구코드+본번+부번)에 대응하는 연속지적도 필지를 찾지 못함
건축물\건축물대장_go12385_20260617220650.xlsx,15184,서울특별시,송파구,장지동,0877,0000,서울특별시 송파구 장지동 0877-0000,분뇨.쓰레기처리시설,대체 조인키(시군구코드+본번+부번)에 대응하는 연속지적도 필지를 찾지 못함
건축물\건축물대장_go12385_20260617220650.xlsx,15185,서울특별시,송파구,장지동,0877,0000,서울특별시 송파구 장지동 0877-0000,분뇨.쓰레기처리시설,대체 조인키(시군구코드+본번+부번)에 대응하는 연속지적도 필지를 찾지 못함
건축물\건축물대장_go12385_20260617220650.xlsx,19470,서울특별시,송파구,오금동,0367,0002,서울특별시 송파구 오금동 0367-0002,단독주택,대체 조인키(시군구코드+본번+부번)에 대응하는 연속지적도 필지를 찾지 못함
건축물\건축물대장_go12385_20260617220650.xlsx,19471,서울특별시,송파구,오금동,0541,0000,서울특별시 송파구 오금동 0541-0000,단독주택,대체 조인키(시군구코드+본번+부번)에 대응하는 연속지적도 필지를 찾지 못함
건축물\건축물대장_go12385_20260617220650.xlsx,19472,서울특별시,송파구,오금동,0541,0000,서울특별시 송파구 오금동 0541-0000,단독주택,대체 조인키(시군구코드+본번+부번)에 대응하는 연속지적도 필지를 찾지 못함
건축물\건축물대장_go12385_20260617220650.xlsx,19474,서울특별시,송파구,오금동,0590,0001,서울특별시 송파구 오금동 0590-0001,단독주택,대체 조인키(시군구코드+본번+부번)에 대응하는 연속지적도 필지를 찾지 못함
건축물\건축물대장_go12385_20260617220650.xlsx,19528,서울특별시,송파구,거여동,0000,0000,서울특별시 송파구 거여동 0000-0000,제1종근린생활시설,대체 조인키(시군구코드+본번+부번)에 대응하는 연속지적도 필지를 찾지 못함
건축물\건축물대장_go12385_20260617220650.xlsx,19529,서울특별시,송파구,거여동,0000,0000,서울특별시 송파구 거여동 0000-0000,제1종근린생활시설,대체 조인키(시군구코드+본번+부번)에 대응하는 연속지적도 필지를 찾지 못함
건축물\건축물대장_go12385_20260617220650.xlsx,19530,서울특별시,송파구,거여동,0000,0000,서울특별시 송파구 거여동 0000-0000,제1종근린생활시설,대체 조인키(시군구코드+본번+부번)에 대응하는 연속지적도 필지를 찾지 못함
건축물\건축물대장_go12385_20260617220650.xlsx,19953,서울특별시,송파구,거여동,0129,0040,서울특별시 송파구 거여동 0129-0040,단독주택,대체 조인키(시군구코드+본번+부번)에 대응하는 연속지적도 필지를 찾지 못함
건축물\건축물대장_go12385_20260617220650.xlsx,20017,서울특별시,송파구,거여동,0133,0018,서울특별시 송파구 거여동 0133-0018,단독주택,대체 조인키(시군구코드+본번+부번)에 대응하는 연속지적도 필지를 찾지 못함
건축물\건축물대장_go12385_20260617220650.xlsx,20033,서울특별시,송파구,거여동,0133,0056,서울특별시 송파구 거여동 0133-0056,단독주택,대체 조인키(시군구코드+본번+부번)에 대응하는 연속지적도 필지를 찾지 못함
건축물\건축물대장_go12385_20260617220650.xlsx,20224,서울특별시,송파구,거여동,0181,0621,서울특별시 송파구 거여동 0181-0621,제1종근린생활시설,대체 조인키(시군구코드+본번+부번)에 대응하는 연속지적도 필지를 찾지 못함
건축물\건축물대장_go12385_20260617220650.xlsx,20637,서울특별시,송파구,거여동,0550,0019,서울특별시 송파구 거여동 0550-0019,단독주택,대체 조인키(시군구코드+본번+부번)에 대응하는 연속지적도 필지를 찾지 못함
건축물\건축물대장_go12385_20260617220650.xlsx,22542,서울특별시,송파구,마천동,0184,0049,서울특별시 송파구 마천동 0184-0049,단독주택,대체 조인키(시군구코드+본번+부번)에 대응하는 연속지적도 필지를 찾지 못함
건축물\건축물대장_go12385_20260617220650.xlsx,22543,서울특별시,송파구,마천동,0184,0051,서울특별시 송파구 마천동 0184-0051,단독주택,대체 조인키(시군구코드+본번+부번)에 대응하는 연속지적도 필지를 찾지 못함
건축물\건축물대장_go12385_20260617220650.xlsx,22544,서울특별시,송파구,마천동,0184,0052,서울특별시 송파구 마천동 0184-0052,단독주택,대체 조인키(시군구코드+본번+부번)에 대응하는 연속지적도 필지를 찾지 못함
건축물\건축물대장_go12385_20260617220650.xlsx,22846,서울특별시,송파구,마천동,0275,0060,서울특별시 송파구 마천동 0275-0060,단독주택,대체 조인키(시군구코드+본번+부번)에 대응하는 연속지적도 필지를 찾지 못함
건축물\건축물대장_go12385_20260617220650.xlsx,23439,서울특별시,송파구,마천동,0329,0035,서울특별시 송파구 마천동 0329-0035,단독주택,대체 조인키(시군구코드+본번+부번)에 대응하는 연속지적도 필지를 찾지 못함
