zoneName,blockType,blockName,lotName,parcel_id,feature_count,area_sqm
위례 택지개발사업 예정지구,가스공급설비,가1,가1,가1,1,7343.907120809645
위례 택지개발사업 예정지구,공공공지,공지,공지,공지,42,74491.20311306453
위례 택지개발사업 예정지구,공원,공,공,공,48,1267548.7110042244
위례 택지개발사업 예정지구,광장,광,광,광,22,37091.62872519311
위례 택지개발사업 예정지구,교통광장,교광,교광,교광,2,70205.10127895242
위례 택지개발사업 예정지구,근린상업,근상1,1-1,근상1-1-1,1,1613.7286918656193
위례 택지개발사업 예정지구,근린상업,근상1,1-2,근상1-1-2,1,1598.069644697872
위례 택지개발사업 예정지구,근린상업,근상1,1-3,근상1-1-3,1,1598.7372765672094
위례 택지개발사업 예정지구,근린상업,근상1,1-4,근상1-1-4,1,1601.736876232804
위례 택지개발사업 예정지구,근린상업,근상1,2-1,근상1-2-1,1,1930.619142464331
위례 택지개발사업 예정지구,근린상업,근상1,2-2,근상1-2-2,1,1930.653807997101
위례 택지개발사업 예정지구,근린상업,근상1,2-3,근상1-2-3,1,1926.6582216994464
위례 택지개발사업 예정지구,근린상업,근상2,1-1,근상2-1-1,1,2965.0402004873854
위례 택지개발사업 예정지구,근린상업,근상2,1-2,근상2-1-2,1,1321.055989533976
위례 택지개발사업 예정지구,근린상업,근상2,1-3,근상2-1-3,1,1613.5306803848384
위례 택지개발사업 예정지구,근린상업,근상2,1-4,근상2-1-4,1,1808.0979639883178
위례 택지개발사업 예정지구,근린상업,근상2,1-5,근상2-1-5,1,1400.772416032921
위례 택지개발사업 예정지구,근린상업,근상3,1-1,근상3-1-1,1,3874.9881141149262
위례 택지개발사업 예정지구,근린상업,근상3,1-2,근상3-1-2,1,899.9736361311208
위례 택지개발사업 예정지구,근린생활시설용지,근생1,근생1,근생1,1,1002.3991101186303
위례 택지개발사업 예정지구,근린생활시설용지,근생10,근생10,근생10,1,619.091236386281
위례 택지개발사업 예정지구,근린생활시설용지,근생11,근생11,근생11,1,1000.1867029397131
위례 택지개발사업 예정지구,근린생활시설용지,근생12,근생12,근생12,1,1651.9652422427525
위례 택지개발사업 예정지구,근린생활시설용지,근생2,근생2,근생2,1,1093.77390700557
위례 택지개발사업 예정지구,근린생활시설용지,근생3,근생3,근생3,1,659.9538604450798
위례 택지개발사업 예정지구,근린생활시설용지,근생4,근생4,근생4,1,1159.4191967955355
위례 택지개발사업 예정지구,근린생활시설용지,근생5,1-1,근생5-1-1,1,780.3317726872513
위례 택지개발사업 예정지구,근린생활시설용지,근생5,1-2,근생5-1-2,1,789.2699941801011
위례 택지개발사업 예정지구,근린생활시설용지,근생6,1-1,근생6-1-1,1,630.828531235662
위례 택지개발사업 예정지구,근린생활시설용지,근생6,1-2,근생6-1-2,1,642.6954572428576
위례 택지개발사업 예정지구,근린생활시설용지,근생6,1-3,근생6-1-3,1,631.7561646151424
위례 택지개발사업 예정지구,근린생활시설용지,근생6,2-1,근생6-2-1,1,835.9427416297283
위례 택지개발사업 예정지구,근린생활시설용지,근생6,2-2,근생6-2-2,1,816.4173865925765
위례 택지개발사업 예정지구,근린생활시설용지,근생7,1-1,근생7-1-1,1,598.0212999110074
위례 택지개발사업 예정지구,근린생활시설용지,근생7,1-2,근생7-1-2,1,599.1241001691998
위례 택지개발사업 예정지구,근린생활시설용지,근생7,1-3,근생7-1-3,1,599.8196104374632
위례 택지개발사업 예정지구,근린생활시설용지,근생7,1-4,근생7-1-4,1,600.5367383278789
위례 택지개발사업 예정지구,근린생활시설용지,근생7,2-1,근생7-2-1,1,530.5529623780371
위례 택지개발사업 예정지구,근린생활시설용지,근생7,2-2,근생7-2-2,1,635.4376350246814
위례 택지개발사업 예정지구,근린생활시설용지,근생8,1-1,근생8-1-1,1,740.5031342871258
위례 택지개발사업 예정지구,근린생활시설용지,근생8,1-2,근생8-1-2,1,709.2888843498389
위례 택지개발사업 예정지구,근린생활시설용지,근생8,1-3,근생8-1-3,1,710.2887468281446
위례 택지개발사업 예정지구,근린생활시설용지,근생8,2-1,근생8-2-1,1,648.7043608814706
위례 택지개발사업 예정지구,근린생활시설용지,근생8,2-2,근생8-2-2,1,634.6165355058878
위례 택지개발사업 예정지구,근린생활시설용지,근생8,2-3,근생8-2-3,1,644.41720088352
위례 택지개발사업 예정지구,근린생활시설용지,근생8,2-4,근생8-2-4,1,644.2485366112517
위례 택지개발사업 예정지구,근린생활시설용지,근생8,2-5,근생8-2-5,1,644.4600347729674
위례 택지개발사업 예정지구,근린생활시설용지,근생8,3-1,근생8-3-1,1,728.372956396387
위례 택지개발사업 예정지구,근린생활시설용지,근생8,3-2,근생8-3-2,1,781.8264999636818
위례 택지개발사업 예정지구,근린생활시설용지,근생9,근생9,근생9,1,1108.3169818539234
위례 택지개발사업 예정지구,기숙사,기1,기1,기1,1,15483.761843189606
위례 택지개발사업 예정지구,단독주택,D1-1,1-1,D1-1-1-1,1,226.99502582619854
위례 택지개발사업 예정지구,단독주택,D1-1,1-10,D1-1-1-10,1,224.91092575779726
위례 택지개발사업 예정지구,단독주택,D1-1,1-11,D1-1-1-11,1,251.85643976763285
위례 택지개발사업 예정지구,단독주택,D1-1,1-2,D1-1-1-2,1,237.49169582495153
위례 택지개발사업 예정지구,단독주택,D1-1,1-3,D1-1-1-3,1,264.35824964811445
위례 택지개발사업 예정지구,단독주택,D1-1,1-4,D1-1-1-4,1,260.05716292938405
위례 택지개발사업 예정지구,단독주택,D1-1,1-5,D1-1-1-5,1,259.91892057038615
위례 택지개발사업 예정지구,단독주택,D1-1,1-6,D1-1-1-6,1,298.55680107176914
위례 택지개발사업 예정지구,단독주택,D1-1,1-7,D1-1-1-7,1,286.7080797413165
위례 택지개발사업 예정지구,단독주택,D1-1,1-8,D1-1-1-8,1,267.52445537818073
위례 택지개발사업 예정지구,단독주택,D1-1,1-9,D1-1-1-9,1,240.26602636475351
위례 택지개발사업 예정지구,단독주택,D1-1,10-1,D1-1-10-1,1,261.2836635363885
위례 택지개발사업 예정지구,단독주택,D1-1,10-10,D1-1-10-10,1,267.47750910363806
위례 택지개발사업 예정지구,단독주택,D1-1,10-11,D1-1-10-11,1,267.51501612518985
위례 택지개발사업 예정지구,단독주택,D1-1,10-12,D1-1-10-12,1,267.7503985764132
위례 택지개발사업 예정지구,단독주택,D1-1,10-13,D1-1-10-13,1,267.63385349747927
위례 택지개발사업 예정지구,단독주택,D1-1,10-14,D1-1-10-14,1,267.74576563922153
위례 택지개발사업 예정지구,단독주택,D1-1,10-15,D1-1-10-15,1,267.9602422413294
위례 택지개발사업 예정지구,단독주택,D1-1,10-16,D1-1-10-16,1,261.4933403097226
위례 택지개발사업 예정지구,단독주택,D1-1,10-2,D1-1-10-2,1,267.7082272970991
위례 택지개발사업 예정지구,단독주택,D1-1,10-3,D1-1-10-3,1,267.7076819984904
위례 택지개발사업 예정지구,단독주택,D1-1,10-4,D1-1-10-4,1,267.5601089647097
위례 택지개발사업 예정지구,단독주택,D1-1,10-5,D1-1-10-5,1,267.8055917002158
위례 택지개발사업 예정지구,단독주택,D1-1,10-6,D1-1-10-6,1,267.83056602781164
위례 택지개발사업 예정지구,단독주택,D1-1,10-7,D1-1-10-7,1,267.9011363325791
위례 택지개발사업 예정지구,단독주택,D1-1,10-8,D1-1-10-8,1,258.8171471380315
위례 택지개발사업 예정지구,단독주택,D1-1,10-9,D1-1-10-9,1,261.36050971388056
위례 택지개발사업 예정지구,단독주택,D1-1,11-1,D1-1-11-1,1,294.67528103522454
위례 택지개발사업 예정지구,단독주택,D1-1,11-10,D1-1-11-10,1,294.46666730863564
위례 택지개발사업 예정지구,단독주택,D1-1,11-2,D1-1-11-2,1,294.81736051043913
위례 택지개발사업 예정지구,단독주택,D1-1,11-3,D1-1-11-3,1,294.9120765171918
위례 택지개발사업 예정지구,단독주택,D1-1,11-4,D1-1-11-4,1,294.81722567860476
위례 택지개발사업 예정지구,단독주택,D1-1,11-5,D1-1-11-5,1,286.2766616817855
위례 택지개발사업 예정지구,단독주택,D1-1,11-6,D1-1-11-6,1,286.22288698821524
위례 택지개발사업 예정지구,단독주택,D1-1,11-7,D1-1-11-7,1,294.71693331178574
위례 택지개발사업 예정지구,단독주택,D1-1,11-8,D1-1-11-8,1,294.7213520172022
위례 택지개발사업 예정지구,단독주택,D1-1,11-9,D1-1-11-9,1,294.72038486654355
위례 택지개발사업 예정지구,단독주택,D1-1,12-1,D1-1-12-1,1,269.88129666817855
위례 택지개발사업 예정지구,단독주택,D1-1,12-2,D1-1-12-2,1,247.73436745998032
위례 택지개발사업 예정지구,단독주택,D1-1,12-3,D1-1-12-3,1,258.8190143076464
위례 택지개발사업 예정지구,단독주택,D1-1,12-4,D1-1-12-4,1,258.90816679804993
위례 택지개발사업 예정지구,단독주택,D1-1,12-5,D1-1-12-5,1,258.78573072733656
위례 택지개발사업 예정지구,단독주택,D1-1,12-6,D1-1-12-6,1,258.87273815429955
위례 택지개발사업 예정지구,단독주택,D1-1,13-1,D1-1-13-1,1,257.7889958919552
위례 택지개발사업 예정지구,단독주택,D1-1,13-10,D1-1-13-10,1,257.95653581859875
위례 택지개발사업 예정지구,단독주택,D1-1,13-2,D1-1-13-2,1,266.90678516883827
위례 택지개발사업 예정지구,단독주택,D1-1,13-3,D1-1-13-3,1,266.9042534836785
위례 택지개발사업 예정지구,단독주택,D1-1,13-4,D1-1-13-4,1,266.79051663823867
위례 택지개발사업 예정지구,단독주택,D1-1,13-5,D1-1-13-5,1,260.7509828602221
위례 택지개발사업 예정지구,단독주택,D1-1,13-6,D1-1-13-6,1,260.753454654327
위례 택지개발사업 예정지구,단독주택,D1-1,13-7,D1-1-13-7,1,266.86243526687645
위례 택지개발사업 예정지구,단독주택,D1-1,13-8,D1-1-13-8,1,266.8596827968032
위례 택지개발사업 예정지구,단독주택,D1-1,13-9,D1-1-13-9,1,266.9505618398787
위례 택지개발사업 예정지구,단독주택,D1-1,14-1,D1-1-14-1,1,274.95652591603726
위례 택지개발사업 예정지구,단독주택,D1-1,14-10,D1-1-14-10,1,274.8371979353373
위례 택지개발사업 예정지구,단독주택,D1-1,14-2,D1-1-14-2,1,283.82825073058893
위례 택지개발사업 예정지구,단독주택,D1-1,14-3,D1-1-14-3,1,283.82933094920367
위례 택지개발사업 예정지구,단독주택,D1-1,14-4,D1-1-14-4,1,283.85012639380864
위례 택지개발사업 예정지구,단독주택,D1-1,14-5,D1-1-14-5,1,277.6513781015753
위례 택지개발사업 예정지구,단독주택,D1-1,14-6,D1-1-14-6,1,277.62874538327117
위례 택지개발사업 예정지구,단독주택,D1-1,14-7,D1-1-14-7,1,283.76078579414536
위례 택지개발사업 예정지구,단독주택,D1-1,14-8,D1-1-14-8,1,283.76382904519636
위례 택지개발사업 예정지구,단독주택,D1-1,14-9,D1-1-14-9,1,283.78336541534804
위례 택지개발사업 예정지구,단독주택,D1-1,2-1,D1-1-2-1,1,279.8483435797855
위례 택지개발사업 예정지구,단독주택,D1-1,2-10,D1-1-2-10,1,243.41988231674213
위례 택지개발사업 예정지구,단독주택,D1-1,2-11,D1-1-2-11,1,243.35238867792665
위례 택지개발사업 예정지구,단독주택,D1-1,2-12,D1-1-2-12,1,299.0727815661973
위례 택지개발사업 예정지구,단독주택,D1-1,2-13,D1-1-2-13,1,299.0753782403414
위례 택지개발사업 예정지구,단독주택,D1-1,2-14,D1-1-2-14,1,329.8739194590892
위례 택지개발사업 예정지구,단독주택,D1-1,2-2,D1-1-2-2,1,278.4305379711338
위례 택지개발사업 예정지구,단독주택,D1-1,2-3,D1-1-2-3,1,278.26162002901026
위례 택지개발사업 예정지구,단독주택,D1-1,2-4,D1-1-2-4,1,237.20113896988232
위례 택지개발사업 예정지구,단독주택,D1-1,2-5,D1-1-2-5,1,232.40344003510504
위례 택지개발사업 예정지구,단독주택,D1-1,2-6,D1-1-2-6,1,232.57155205450385
위례 택지개발사업 예정지구,단독주택,D1-1,2-7,D1-1-2-7,1,246.3028680330272
위례 택지개발사업 예정지구,단독주택,D1-1,2-8,D1-1-2-8,1,274.785732078139
위례 택지개발사업 예정지구,단독주택,D1-1,2-9,D1-1-2-9,1,243.19661467783544
위례 택지개발사업 예정지구,단독주택,D1-1,3-1,D1-1-3-1,1,265.74224904641477
위례 택지개발사업 예정지구,단독주택,D1-1,3-10,D1-1-3-10,1,244.8967165204631
위례 택지개발사업 예정지구,단독주택,D1-1,3-11,D1-1-3-11,1,244.65053915663862
위례 택지개발사업 예정지구,단독주택,D1-1,3-12,D1-1-3-12,1,244.68552220553028
위례 택지개발사업 예정지구,단독주택,D1-1,3-13,D1-1-3-13,1,244.82799671763237
위례 택지개발사업 예정지구,단독주택,D1-1,3-14,D1-1-3-14,1,244.6315624942579
위례 택지개발사업 예정지구,단독주택,D1-1,3-15,D1-1-3-15,1,272.1911979066678
위례 택지개발사업 예정지구,단독주택,D1-1,3-16,D1-1-3-16,1,272.08546064127523
위례 택지개발사업 예정지구,단독주택,D1-1,3-17,D1-1-3-17,1,272.420763038279
위례 택지개발사업 예정지구,단독주택,D1-1,3-18,D1-1-3-18,1,266.9101776362905
위례 택지개발사업 예정지구,단독주택,D1-1,3-19,D1-1-3-19,1,269.90928129582073
위례 택지개발사업 예정지구,단독주택,D1-1,3-2,D1-1-3-2,1,298.58137329150645
위례 택지개발사업 예정지구,단독주택,D1-1,3-3,D1-1-3-3,1,298.2132048985661
위례 택지개발사업 예정지구,단독주택,D1-1,3-4,D1-1-3-4,1,298.31591169681815
위례 택지개발사업 예정지구,단독주택,D1-1,3-5,D1-1-3-5,1,254.84853423732037
위례 택지개발사업 예정지구,단독주택,D1-1,3-6,D1-1-3-6,1,254.72792791323047
위례 택지개발사업 예정지구,단독주택,D1-1,3-7,D1-1-3-7,1,254.75172547706222
위례 택지개발사업 예정지구,단독주택,D1-1,3-8,D1-1-3-8,1,254.73822898258138
위례 택지개발사업 예정지구,단독주택,D1-1,3-9,D1-1-3-9,1,255.07829942809136
위례 택지개발사업 예정지구,단독주택,D1-1,4-1,D1-1-4-1,1,269.44379579699955
위례 택지개발사업 예정지구,단독주택,D1-1,4-10,D1-1-4-10,1,312.8641128693457
위례 택지개발사업 예정지구,단독주택,D1-1,4-2,D1-1-4-2,1,269.3273970956107
위례 택지개발사업 예정지구,단독주택,D1-1,4-3,D1-1-4-3,1,269.1558522784651
위례 택지개발사업 예정지구,단독주택,D1-1,4-4,D1-1-4-4,1,269.27158115362323
위례 택지개발사업 예정지구,단독주택,D1-1,4-5,D1-1-4-5,1,271.2739257879739
위례 택지개발사업 예정지구,단독주택,D1-1,4-6,D1-1-4-6,1,268.2849910400303
위례 택지개발사업 예정지구,단독주택,D1-1,4-7,D1-1-4-7,1,274.5733822014346
위례 택지개발사업 예정지구,단독주택,D1-1,4-8,D1-1-4-8,1,274.61564041115844
위례 택지개발사업 예정지구,단독주택,D1-1,4-9,D1-1-4-9,1,274.44334645475647
위례 택지개발사업 예정지구,단독주택,D1-1,5-1,D1-1-5-1,1,270.479718124237
위례 택지개발사업 예정지구,단독주택,D1-1,5-10,D1-1-5-10,1,275.94483899451234
위례 택지개발사업 예정지구,단독주택,D1-1,5-11,D1-1-5-11,1,275.9083193308031
위례 택지개발사업 예정지구,단독주택,D1-1,5-12,D1-1-5-12,1,274.3076160711514
위례 택지개발사업 예정지구,단독주택,D1-1,5-2,D1-1-5-2,1,280.42137168573197
위례 택지개발사업 예정지구,단독주택,D1-1,5-3,D1-1-5-3,1,280.58864622322415
위례 택지개발사업 예정지구,단독주택,D1-1,5-4,D1-1-5-4,1,280.64756616619695
위례 택지개발사업 예정지구,단독주택,D1-1,5-5,D1-1-5-5,1,280.6155629900802
위례 택지개발사업 예정지구,단독주택,D1-1,5-6,D1-1-5-6,1,264.16888649387613
위례 택지개발사업 예정지구,단독주택,D1-1,5-7,D1-1-5-7,1,274.9886603840614
위례 택지개발사업 예정지구,단독주택,D1-1,5-8,D1-1-5-8,1,275.9238997980039
위례 택지개발사업 예정지구,단독주택,D1-1,5-9,D1-1-5-9,1,276.0098418456315
위례 택지개발사업 예정지구,단독주택,D1-1,6-1,D1-1-6-1,1,305.7540082461625
위례 택지개발사업 예정지구,단독주택,D1-1,6-10,D1-1-6-10,1,311.916507976773
위례 택지개발사업 예정지구,단독주택,D1-1,6-11,D1-1-6-11,1,311.9259238101118
위례 택지개발사업 예정지구,단독주택,D1-1,6-12,D1-1-6-12,1,305.6513012986619
위례 택지개발사업 예정지구,단독주택,D1-1,6-2,D1-1-6-2,1,312.1096250879581
위례 택지개발사업 예정지구,단독주택,D1-1,6-3,D1-1-6-3,1,311.96013938658064
위례 택지개발사업 예정지구,단독주택,D1-1,6-4,D1-1-6-4,1,312.12446951845357
위례 택지개발사업 예정지구,단독주택,D1-1,6-5,D1-1-6-5,1,312.0215735010148
위례 택지개발사업 예정지구,단독주택,D1-1,6-6,D1-1-6-6,1,295.8027257259258
위례 택지개발사업 예정지구,단독주택,D1-1,6-7,D1-1-6-7,1,295.6430610961888
위례 택지개발사업 예정지구,단독주택,D1-1,6-8,D1-1-6-8,1,311.76257250431127
위례 택지개발사업 예정지구,단독주택,D1-1,6-9,D1-1-6-9,1,311.7832776541835
위례 택지개발사업 예정지구,단독주택,D1-1,7-1,D1-1-7-1,1,305.7035896896989
위례 택지개발사업 예정지구,단독주택,D1-1,7-10,D1-1-7-10,1,311.8958132416868
위례 택지개발사업 예정지구,단독주택,D1-1,7-11,D1-1-7-11,1,311.9286206402303
위례 택지개발사업 예정지구,단독주택,D1-1,7-12,D1-1-7-12,1,305.74823588203265
위례 택지개발사업 예정지구,단독주택,D1-1,7-2,D1-1-7-2,1,311.73097974190324
위례 택지개발사업 예정지구,단독주택,D1-1,7-3,D1-1-7-3,1,311.97539157143234
위례 택지개발사업 예정지구,단독주택,D1-1,7-4,D1-1-7-4,1,312.0172583700121
위례 택지개발사업 예정지구,단독주택,D1-1,7-5,D1-1-7-5,1,312.1394139822577
위례 택지개발사업 예정지구,단독주택,D1-1,7-6,D1-1-7-6,1,295.9132709511871
위례 택지개발사업 예정지구,단독주택,D1-1,7-7,D1-1-7-7,1,295.5423779591573
위례 택지개발사업 예정지구,단독주택,D1-1,7-8,D1-1-7-8,1,311.7891965412512
위례 택지개발사업 예정지구,단독주택,D1-1,7-9,D1-1-7-9,1,311.77133742103416
위례 택지개발사업 예정지구,단독주택,D1-1,8-1,D1-1-8-1,1,234.86175159189773
위례 택지개발사업 예정지구,단독주택,D1-1,8-2,D1-1-8-2,1,236.91971808542104
위례 택지개발사업 예정지구,단독주택,D1-1,8-3,D1-1-8-3,1,237.03522345409414
위례 택지개발사업 예정지구,단독주택,D1-1,8-4,D1-1-8-4,1,248.2987659613505
위례 택지개발사업 예정지구,단독주택,D1-1,9-1,D1-1-9-1,1,315.5233358039586
위례 택지개발사업 예정지구,단독주택,D1-1,9-10,D1-1-9-10,1,258.7811936871102
위례 택지개발사업 예정지구,단독주택,D1-1,9-11,D1-1-9-11,1,258.79128715607595
위례 택지개발사업 예정지구,단독주택,D1-1,9-2,D1-1-9-2,1,306.00188728900906
위례 택지개발사업 예정지구,단독주택,D1-1,9-3,D1-1-9-3,1,258.8684287369372
위례 택지개발사업 예정지구,단독주택,D1-1,9-4,D1-1-9-4,1,258.8962248430353
위례 택지개발사업 예정지구,단독주택,D1-1,9-5,D1-1-9-5,1,258.79544414018267
위례 택지개발사업 예정지구,단독주택,D1-1,9-6,D1-1-9-6,1,258.78234643073654
위례 택지개발사업 예정지구,단독주택,D1-1,9-7,D1-1-9-7,1,258.7978435570655
위례 택지개발사업 예정지구,단독주택,D1-1,9-8,D1-1-9-8,1,258.7899897581749
위례 택지개발사업 예정지구,단독주택,D1-1,9-9,D1-1-9-9,1,259.0387797479156
위례 택지개발사업 예정지구,단독주택,D1-2,1-1,D1-2-1-1,1,244.12673044110718
위례 택지개발사업 예정지구,단독주택,D1-2,1-2,D1-2-1-2,1,259.39357702701636
위례 택지개발사업 예정지구,단독주택,D1-2,1-3,D1-2-1-3,1,259.2949348638119
위례 택지개발사업 예정지구,단독주택,D1-2,1-4,D1-2-1-4,1,259.32112985308237
위례 택지개발사업 예정지구,단독주택,D1-2,1-5,D1-2-1-5,1,241.23875644978733
위례 택지개발사업 예정지구,단독주택,D1-2,10-1,D1-2-10-1,1,222.5681226684979
위례 택지개발사업 예정지구,단독주택,D1-2,10-2,D1-2-10-2,1,239.18451765371566
위례 택지개발사업 예정지구,단독주택,D1-2,10-3,D1-2-10-3,1,239.183615025593
위례 택지개발사업 예정지구,단독주택,D1-2,10-4,D1-2-10-4,1,239.2877851317414
위례 택지개발사업 예정지구,단독주택,D1-2,10-5,D1-2-10-5,1,238.53395129855562
위례 택지개발사업 예정지구,단독주택,D1-2,10-6,D1-2-10-6,1,239.1844762619334
위례 택지개발사업 예정지구,단독주택,D1-2,10-7,D1-2-10-7,1,239.28854435917128
위례 택지개발사업 예정지구,단독주택,D1-2,10-8,D1-2-10-8,1,239.17551004955925
위례 택지개발사업 예정지구,단독주택,D1-2,10-9,D1-2-10-9,1,222.49883297617808
위례 택지개발사업 예정지구,단독주택,D1-2,11-1,D1-2-11-1,1,229.49663109651604
위례 택지개발사업 예정지구,단독주택,D1-2,11-2,D1-2-11-2,1,244.72465885291135
위례 택지개발사업 예정지구,단독주택,D1-2,11-3,D1-2-11-3,1,244.83049445907824
위례 택지개발사업 예정지구,단독주택,D1-2,11-4,D1-2-11-4,1,244.82558185971462
위례 택지개발사업 예정지구,단독주택,D1-2,11-5,D1-2-11-5,1,244.86166627888824
위례 택지개발사업 예정지구,단독주택,D1-2,12-1,D1-2-12-1,1,229.58127831020224
위례 택지개발사업 예정지구,단독주택,D1-2,12-2,D1-2-12-2,1,244.7191142919992
위례 택지개발사업 예정지구,단독주택,D1-2,12-3,D1-2-12-3,1,244.87437839417555
위례 택지개발사업 예정지구,단독주택,D1-2,12-4,D1-2-12-4,1,244.72476380739525
위례 택지개발사업 예정지구,단독주택,D1-2,12-5,D1-2-12-5,1,244.84422700102215
위례 택지개발사업 예정지구,단독주택,D1-2,13-1,D1-2-13-1,1,230.8500751387866
위례 택지개발사업 예정지구,단독주택,D1-2,13-2,D1-2-13-2,1,245.20509907754294
위례 택지개발사업 예정지구,단독주택,D1-2,14-1,D1-2-14-1,1,269.5486768145945
위례 택지개발사업 예정지구,단독주택,D1-2,14-2,D1-2-14-2,1,269.1981644376268
위례 택지개발사업 예정지구,단독주택,D1-2,14-3,D1-2-14-3,1,268.5510618324299
위례 택지개발사업 예정지구,단독주택,D1-2,14-4,D1-2-14-4,1,268.9359046570702
위례 택지개발사업 예정지구,단독주택,D1-2,2-1,D1-2-2-1,1,254.78735999956018
위례 택지개발사업 예정지구,단독주택,D1-2,2-2,D1-2-2-2,1,269.9389879981513
위례 택지개발사업 예정지구,단독주택,D1-2,2-3,D1-2-2-3,1,270.08132258700033
위례 택지개발사업 예정지구,단독주택,D1-2,2-4,D1-2-2-4,1,269.97484180680385
위례 택지개발사업 예정지구,단독주택,D1-2,2-5,D1-2-2-5,1,251.92136948889254
위례 택지개발사업 예정지구,단독주택,D1-2,3-1,D1-2-3-1,1,215.0187630114214
위례 택지개발사업 예정지구,단독주택,D1-2,3-10,D1-2-3-10,1,215.07201972786174
위례 택지개발사업 예정지구,단독주택,D1-2,3-11,D1-2-3-11,1,214.97464908311144
위례 택지개발사업 예정지구,단독주택,D1-2,3-12,D1-2-3-12,1,214.97086125954493
위례 택지개발사업 예정지구,단독주택,D1-2,3-2,D1-2-3-2,1,215.02398050907533
위례 택지개발사업 예정지구,단독주택,D1-2,3-3,D1-2-3-3,1,215.1241002891942
위례 택지개발사업 예정지구,단독주택,D1-2,3-4,D1-2-3-4,1,215.12581482447263
위례 택지개발사업 예정지구,단독주택,D1-2,3-5,D1-2-3-5,1,215.02423956051396
위례 택지개발사업 예정지구,단독주택,D1-2,3-6,D1-2-3-6,1,208.8722757890572
위례 택지개발사업 예정지구,단독주택,D1-2,3-7,D1-2-3-7,1,208.8708049601483
위례 택지개발사업 예정지구,단독주택,D1-2,3-8,D1-2-3-8,1,214.97081726946604
위례 택지개발사업 예정지구,단독주택,D1-2,3-9,D1-2-3-9,1,215.0749735751101
위례 택지개발사업 예정지구,단독주택,D1-2,4-1,D1-2-4-1,1,196.5734857800293
위례 택지개발사업 예정지구,단독주택,D1-2,4-2,D1-2-4-2,1,204.6066058337509
위례 택지개발사업 예정지구,단독주택,D1-2,4-3,D1-2-4-3,1,220.25576758259785
위례 택지개발사업 예정지구,단독주택,D1-2,4-4,D1-2-4-4,1,220.5617774452742
위례 택지개발사업 예정지구,단독주택,D1-2,4-5,D1-2-4-5,1,220.66275402756355
위례 택지개발사업 예정지구,단독주택,D1-2,4-6,D1-2-4-6,1,220.66419512364573
위례 택지개발사업 예정지구,단독주택,D1-2,4-7,D1-2-4-7,1,220.670554205038
위례 택지개발사업 예정지구,단독주택,D1-2,4-8,D1-2-4-8,1,224.4152608386102
위례 택지개발사업 예정지구,단독주택,D1-2,5-1,D1-2-5-1,1,210.51823993728118
위례 택지개발사업 예정지구,단독주택,D1-2,5-10,D1-2-5-10,1,210.19772203497496
위례 택지개발사업 예정지구,단독주택,D1-2,5-11,D1-2-5-11,1,216.2947991919204
위례 택지개발사업 예정지구,단독주택,D1-2,5-12,D1-2-5-12,1,216.40479755388958
위례 택지개발사업 예정지구,단독주택,D1-2,5-13,D1-2-5-13,1,216.4015731302156
위례 택지개발사업 예정지구,단독주택,D1-2,5-14,D1-2-5-14,1,216.29966437281206
위례 택지개발사업 예정지구,단독주택,D1-2,5-15,D1-2-5-15,1,216.4351289616091
위례 택지개발사업 예정지구,단독주택,D1-2,5-16,D1-2-5-16,1,216.32917882886778
위례 택지개발사업 예정지구,단독주택,D1-2,5-17,D1-2-5-17,1,216.3389439909318
위례 택지개발사업 예정지구,단독주택,D1-2,5-18,D1-2-5-18,1,210.4013448662728
위례 택지개발사업 예정지구,단독주택,D1-2,5-2,D1-2-5-2,1,216.48449044590257
위례 택지개발사업 예정지구,단독주택,D1-2,5-3,D1-2-5-3,1,216.38727054869545
위례 택지개발사업 예정지구,단독주택,D1-2,5-4,D1-2-5-4,1,216.38421440457114
위례 택지개발사업 예정지구,단독주택,D1-2,5-5,D1-2-5-5,1,216.3476135410184
위례 택지개발사업 예정지구,단독주택,D1-2,5-6,D1-2-5-6,1,216.45426928456706
위례 택지개발사업 예정지구,단독주택,D1-2,5-7,D1-2-5-7,1,216.34863958562053
위례 택지개발사업 예정지구,단독주택,D1-2,5-8,D1-2-5-8,1,216.3871612749593
위례 택지개발사업 예정지구,단독주택,D1-2,5-9,D1-2-5-9,1,210.1162910318788
위례 택지개발사업 예정지구,단독주택,D1-2,6-1,D1-2-6-1,1,233.99267105558428
위례 택지개발사업 예정지구,단독주택,D1-2,6-2,D1-2-6-2,1,233.99599369980947
위례 택지개발사업 예정지구,단독주택,D1-2,6-3,D1-2-6-3,1,233.9849493334205
위례 택지개발사업 예정지구,단독주택,D1-2,6-4,D1-2-6-4,1,233.87300778044073
위례 택지개발사업 예정지구,단독주택,D1-2,6-5,D1-2-6-5,1,233.98482452020232
위례 택지개발사업 예정지구,단독주택,D1-2,6-6,D1-2-6-6,1,233.9927016133456
위례 택지개발사업 예정지구,단독주택,D1-2,6-7,D1-2-6-7,1,233.9949913884099
위례 택지개발사업 예정지구,단독주택,D1-2,6-8,D1-2-6-8,1,233.9877143308452
위례 택지개발사업 예정지구,단독주택,D1-2,6-9,D1-2-6-9,1,214.5145618569775
위례 택지개발사업 예정지구,단독주택,D1-2,7-1,D1-2-7-1,1,219.85199771314808
위례 택지개발사업 예정지구,단독주택,D1-2,7-2,D1-2-7-2,1,235.28136668822148
위례 택지개발사업 예정지구,단독주택,D1-2,7-3,D1-2-7-3,1,235.0319993637619
위례 택지개발사업 예정지구,단독주택,D1-2,7-4,D1-2-7-4,1,235.27975224713643
위례 택지개발사업 예정지구,단독주택,D1-2,7-5,D1-2-7-5,1,235.15564709425956
위례 택지개발사업 예정지구,단독주택,D1-2,8-1,D1-2-8-1,1,229.59077099790193
위례 택지개발사업 예정지구,단독주택,D1-2,8-2,D1-2-8-2,1,244.7151638902085
위례 택지개발사업 예정지구,단독주택,D1-2,8-3,D1-2-8-3,1,244.87076894762959
위례 택지개발사업 예정지구,단독주택,D1-2,8-4,D1-2-8-4,1,244.7162080302718
위례 택지개발사업 예정지구,단독주택,D1-2,8-5,D1-2-8-5,1,244.789754413623
위례 택지개발사업 예정지구,단독주택,D1-2,9-1,D1-2-9-1,1,223.2625240768518
위례 택지개발사업 예정지구,단독주택,D1-2,9-10,D1-2-9-10,1,229.39611506430424
위례 택지개발사업 예정지구,단독주택,D1-2,9-11,D1-2-9-11,1,229.49790451271753
위례 택지개발사업 예정지구,단독주택,D1-2,9-12,D1-2-9-12,1,229.50105874117776
위례 택지개발사업 예정지구,단독주택,D1-2,9-13,D1-2-9-13,1,229.5033494971308
위례 택지개발사업 예정지구,단독주택,D1-2,9-14,D1-2-9-14,1,229.39362782592173
위례 택지개발사업 예정지구,단독주택,D1-2,9-15,D1-2-9-15,1,229.39129561559878
위례 택지개발사업 예정지구,단독주택,D1-2,9-16,D1-2-9-16,1,223.12999926957707
위례 택지개발사업 예정지구,단독주택,D1-2,9-2,D1-2-9-2,1,229.5582489363178
위례 택지개발사업 예정지구,단독주택,D1-2,9-3,D1-2-9-3,1,229.44724517842587
위례 택지개발사업 예정지구,단독주택,D1-2,9-4,D1-2-9-4,1,229.5493171634413
위례 택지개발사업 예정지구,단독주택,D1-2,9-5,D1-2-9-5,1,229.5569912239818
위례 택지개발사업 예정지구,단독주택,D1-2,9-6,D1-2-9-6,1,229.44117231108976
위례 택지개발사업 예정지구,단독주택,D1-2,9-7,D1-2-9-7,1,229.34331848088772
위례 택지개발사업 예정지구,단독주택,D1-2,9-8,D1-2-9-8,1,223.29551767951398
위례 택지개발사업 예정지구,단독주택,D1-2,9-9,D1-2-9-9,1,223.29489268569412
위례 택지개발사업 예정지구,단독주택,D2-1,1-1,D2-1-1-1,1,273.618266928839
위례 택지개발사업 예정지구,단독주택,D2-1,1-2,D2-1-1-2,1,267.7847785682092
위례 택지개발사업 예정지구,단독주택,D2-1,1-3,D2-1-1-3,1,267.6373968563373
위례 택지개발사업 예정지구,단독주택,D2-1,1-4,D2-1-1-4,1,267.2572719988667
위례 택지개발사업 예정지구,단독주택,D2-1,1-5,D2-1-1-5,1,267.88578466737204
위례 택지개발사업 예정지구,단독주택,D2-1,1-6,D2-1-1-6,1,270.0515576675846
위례 택지개발사업 예정지구,단독주택,D2-1,10-1,D2-1-10-1,1,284.3470278115709
위례 택지개발사업 예정지구,단독주택,D2-1,10-2,D2-1-10-2,1,291.8762338305763
위례 택지개발사업 예정지구,단독주택,D2-1,10-3,D2-1-10-3,1,291.7830266163152
위례 택지개발사업 예정지구,단독주택,D2-1,10-4,D2-1-10-4,1,295.8138199399324
위례 택지개발사업 예정지구,단독주택,D2-1,10-5,D2-1-10-5,1,291.6647860923197
위례 택지개발사업 예정지구,단독주택,D2-1,10-6,D2-1-10-6,1,291.54999013157544
위례 택지개발사업 예정지구,단독주택,D2-1,10-7,D2-1-10-7,1,291.73016333558655
위례 택지개발사업 예정지구,단독주택,D2-1,10-8,D2-1-10-8,1,298.5105247387112
위례 택지개발사업 예정지구,단독주택,D2-1,11-1,D2-1-11-1,1,282.84162429985673
위례 택지개발사업 예정지구,단독주택,D2-1,11-2,D2-1-11-2,1,287.20054254462764
위례 택지개발사업 예정지구,단독주택,D2-1,12-1,D2-1-12-1,1,373.4915476854698
위례 택지개발사업 예정지구,단독주택,D2-1,12-2,D2-1-12-2,1,368.74307259781824
위례 택지개발사업 예정지구,단독주택,D2-1,13-1,D2-1-13-1,1,374.1250969736135
위례 택지개발사업 예정지구,단독주택,D2-1,13-2,D2-1-13-2,1,370.7346598181297
위례 택지개발사업 예정지구,단독주택,D2-1,14-1,D2-1-14-1,1,252.20335579457156
위례 택지개발사업 예정지구,단독주택,D2-1,14-2,D2-1-14-2,1,252.13248682377906
위례 택지개발사업 예정지구,단독주택,D2-1,14-3,D2-1-14-3,1,251.9521401055265
위례 택지개발사업 예정지구,단독주택,D2-1,14-4,D2-1-14-4,1,254.9991925397129
위례 택지개발사업 예정지구,단독주택,D2-1,15-1,D2-1-15-1,1,258.2957313183366
위례 택지개발사업 예정지구,단독주택,D2-1,15-2,D2-1-15-2,1,252.1186086420728
위례 택지개발사업 예정지구,단독주택,D2-1,15-3,D2-1-15-3,1,251.77555707682407
위례 택지개발사업 예정지구,단독주택,D2-1,15-4,D2-1-15-4,1,252.13022136956863
위례 택지개발사업 예정지구,단독주택,D2-1,16-1,D2-1-16-1,1,284.2787367312926
위례 택지개발사업 예정지구,단독주택,D2-1,16-2,D2-1-16-2,1,283.5193792033101
위례 택지개발사업 예정지구,단독주택,D2-1,16-3,D2-1-16-3,1,283.73482716848144
위례 택지개발사업 예정지구,단독주택,D2-1,17-1,D2-1-17-1,1,280.81316818963586
위례 택지개발사업 예정지구,단독주택,D2-1,17-2,D2-1-17-2,1,279.3870532049965
위례 택지개발사업 예정지구,단독주택,D2-1,17-3,D2-1-17-3,1,280.18860883265575
위례 택지개발사업 예정지구,단독주택,D2-1,17-4,D2-1-17-4,1,278.8930924617987
위례 택지개발사업 예정지구,단독주택,D2-1,17-5,D2-1-17-5,1,273.3402732728897
위례 택지개발사업 예정지구,단독주택,D2-1,17-6,D2-1-17-6,1,270.91346514355746
위례 택지개발사업 예정지구,단독주택,D2-1,17-7,D2-1-17-7,1,274.3347698258385
위례 택지개발사업 예정지구,단독주택,D2-1,17-8,D2-1-17-8,1,296.6725094541932
위례 택지개발사업 예정지구,단독주택,D2-1,18-1,D2-1-18-1,1,300.53352149522243
위례 택지개발사업 예정지구,단독주택,D2-1,18-2,D2-1-18-2,1,305.4501098017452
위례 택지개발사업 예정지구,단독주택,D2-1,18-3,D2-1-18-3,1,304.52981216247775
위례 택지개발사업 예정지구,단독주택,D2-1,18-4,D2-1-18-4,1,300.4175769845485
위례 택지개발사업 예정지구,단독주택,D2-1,19-1,D2-1-19-1,1,388.0048022762922
위례 택지개발사업 예정지구,단독주택,D2-1,19-2,D2-1-19-2,1,393.0463972250068
위례 택지개발사업 예정지구,단독주택,D2-1,2-1,D2-1-2-1,1,253.2682888965713
위례 택지개발사업 예정지구,단독주택,D2-1,2-2,D2-1-2-2,1,254.99532652149162
위례 택지개발사업 예정지구,단독주택,D2-1,2-3,D2-1-2-3,1,254.96137430197845
위례 택지개발사업 예정지구,단독주택,D2-1,2-4,D2-1-2-4,1,262.14591003296476
위례 택지개발사업 예정지구,단독주택,D2-1,20-1,D2-1-20-1,1,257.58557124736944
위례 택지개발사업 예정지구,단독주택,D2-1,20-2,D2-1-20-2,1,257.98652406892796
위례 택지개발사업 예정지구,단독주택,D2-1,20-3,D2-1-20-3,1,257.8015819719486
위례 택지개발사업 예정지구,단독주택,D2-1,20-4,D2-1-20-4,1,257.61826625874266
위례 택지개발사업 예정지구,단독주택,D2-1,21-1,D2-1-21-1,1,245.22605574126518
위례 택지개발사업 예정지구,단독주택,D2-1,21-2,D2-1-21-2,1,245.42698248369868
위례 택지개발사업 예정지구,단독주택,D2-1,21-3,D2-1-21-3,1,245.22297274450744
위례 택지개발사업 예정지구,단독주택,D2-1,21-4,D2-1-21-4,1,245.0515405493995
위례 택지개발사업 예정지구,단독주택,D2-1,21-5,D2-1-21-5,1,244.01708875194578
위례 택지개발사업 예정지구,단독주택,D2-1,21-6,D2-1-21-6,1,246.07005726375203
위례 택지개발사업 예정지구,단독주택,D2-1,21-7,D2-1-21-7,1,245.10487085317055
위례 택지개발사업 예정지구,단독주택,D2-1,21-8,D2-1-21-8,1,244.8772125994265
위례 택지개발사업 예정지구,단독주택,D2-1,22-1,D2-1-22-1,1,262.57401887475737
위례 택지개발사업 예정지구,단독주택,D2-1,22-10,D2-1-22-10,1,262.1802203063183
위례 택지개발사업 예정지구,단독주택,D2-1,22-2,D2-1-22-2,1,260.3147842685367
위례 택지개발사업 예정지구,단독주택,D2-1,22-3,D2-1-22-3,1,260.49320859620696
위례 택지개발사업 예정지구,단독주택,D2-1,22-4,D2-1-22-4,1,262.0449959373379
위례 택지개발사업 예정지구,단독주택,D2-1,22-5,D2-1-22-5,1,261.64085575237937
위례 택지개발사업 예정지구,단독주택,D2-1,22-6,D2-1-22-6,1,260.8644939841686
위례 택지개발사업 예정지구,단독주택,D2-1,22-7,D2-1-22-7,1,261.1204983210569
위례 택지개발사업 예정지구,단독주택,D2-1,22-8,D2-1-22-8,1,261.9200959096579
위례 택지개발사업 예정지구,단독주택,D2-1,22-9,D2-1-22-9,1,260.66088758506044
위례 택지개발사업 예정지구,단독주택,D2-1,23-1,D2-1-23-1,1,253.7356574553632
위례 택지개발사업 예정지구,단독주택,D2-1,23-2,D2-1-23-2,1,253.10522431033212
위례 택지개발사업 예정지구,단독주택,D2-1,23-3,D2-1-23-3,1,252.98586786431463
위례 택지개발사업 예정지구,단독주택,D2-1,23-4,D2-1-23-4,1,252.68576059307526
위례 택지개발사업 예정지구,단독주택,D2-1,23-5,D2-1-23-5,1,252.89943747689276
위례 택지개발사업 예정지구,단독주택,D2-1,23-6,D2-1-23-6,1,252.3493142532758
위례 택지개발사업 예정지구,단독주택,D2-1,24-1,D2-1-24-1,1,280.28425700848317
위례 택지개발사업 예정지구,단독주택,D2-1,24-2,D2-1-24-2,1,277.6367644423139
위례 택지개발사업 예정지구,단독주택,D2-1,24-3,D2-1-24-3,1,277.6973237220809
위례 택지개발사업 예정지구,단독주택,D2-1,24-4,D2-1-24-4,1,278.5196768806671
위례 택지개발사업 예정지구,단독주택,D2-1,24-5,D2-1-24-5,1,278.90210015147903
위례 택지개발사업 예정지구,단독주택,D2-1,24-6,D2-1-24-6,1,279.6968849006974
위례 택지개발사업 예정지구,단독주택,D2-1,25-1,D2-1-25-1,1,250.45435939181726
위례 택지개발사업 예정지구,단독주택,D2-1,25-10,D2-1-25-10,1,263.0856552513544
위례 택지개발사업 예정지구,단독주택,D2-1,25-11,D2-1-25-11,1,255.63658988430387
위례 택지개발사업 예정지구,단독주택,D2-1,25-12,D2-1-25-12,1,274.782022681266
위례 택지개발사업 예정지구,단독주택,D2-1,25-13,D2-1-25-13,1,278.8624835670376
위례 택지개발사업 예정지구,단독주택,D2-1,25-14,D2-1-25-14,1,273.9792559741178
위례 택지개발사업 예정지구,단독주택,D2-1,25-15,D2-1-25-15,1,254.09819965088062
위례 택지개발사업 예정지구,단독주택,D2-1,25-16,D2-1-25-16,1,263.05383348549594
위례 택지개발사업 예정지구,단독주택,D2-1,25-2,D2-1-25-2,1,248.8073980837958
위례 택지개발사업 예정지구,단독주택,D2-1,25-3,D2-1-25-3,1,247.37057491418807
위례 택지개발사업 예정지구,단독주택,D2-1,25-4,D2-1-25-4,1,250.35518094606567
위례 택지개발사업 예정지구,단독주택,D2-1,25-5,D2-1-25-5,1,263.8584634060618
위례 택지개발사업 예정지구,단독주택,D2-1,25-6,D2-1-25-6,1,265.3357123699858
위례 택지개발사업 예정지구,단독주택,D2-1,25-7,D2-1-25-7,1,263.92363165068446
위례 택지개발사업 예정지구,단독주택,D2-1,25-8,D2-1-25-8,1,262.43238204215334
위례 택지개발사업 예정지구,단독주택,D2-1,25-9,D2-1-25-9,1,261.20969011428366
위례 택지개발사업 예정지구,단독주택,D2-1,26-1,D2-1-26-1,1,229.9874677326803
위례 택지개발사업 예정지구,단독주택,D2-1,26-2,D2-1-26-2,1,229.91782944741277
위례 택지개발사업 예정지구,단독주택,D2-1,26-3,D2-1-26-3,1,229.79650342348648
위례 택지개발사업 예정지구,단독주택,D2-1,26-4,D2-1-26-4,1,259.39857280096123
위례 택지개발사업 예정지구,단독주택,D2-1,26-5,D2-1-26-5,1,231.5552981060777
위례 택지개발사업 예정지구,단독주택,D2-1,26-6,D2-1-26-6,1,230.38637209267947
위례 택지개발사업 예정지구,단독주택,D2-1,26-7,D2-1-26-7,1,230.16131012961256
위례 택지개발사업 예정지구,단독주택,D2-1,26-8,D2-1-26-8,1,230.23718220380414
위례 택지개발사업 예정지구,단독주택,D2-1,27-1,D2-1-27-1,1,304.93863755470767
위례 택지개발사업 예정지구,단독주택,D2-1,27-2,D2-1-27-2,1,304.7187594078915
위례 택지개발사업 예정지구,단독주택,D2-1,27-3,D2-1-27-3,1,306.99260077082045
위례 택지개발사업 예정지구,단독주택,D2-1,28-1,D2-1-28-1,1,374.2330159818895
위례 택지개발사업 예정지구,단독주택,D2-1,28-2,D2-1-28-2,1,372.94192273544377
위례 택지개발사업 예정지구,단독주택,D2-1,29-1,D2-1-29-1,1,231.40621231023323
위례 택지개발사업 예정지구,단독주택,D2-1,29-2,D2-1-29-2,1,230.3730398888847
위례 택지개발사업 예정지구,단독주택,D2-1,29-3,D2-1-29-3,1,229.77139157999045
위례 택지개발사업 예정지구,단독주택,D2-1,29-4,D2-1-29-4,1,229.937328972237
위례 택지개발사업 예정지구,단독주택,D2-1,29-5,D2-1-29-5,1,229.3116884184842
위례 택지개발사업 예정지구,단독주택,D2-1,29-6,D2-1-29-6,1,230.77872664653262
위례 택지개발사업 예정지구,단독주택,D2-1,29-7,D2-1-29-7,1,230.11692866984177
위례 택지개발사업 예정지구,단독주택,D2-1,29-8,D2-1-29-8,1,231.65011934838628
위례 택지개발사업 예정지구,단독주택,D2-1,3-1,D2-1-3-1,1,393.85566865626834
위례 택지개발사업 예정지구,단독주택,D2-1,3-2,D2-1-3-2,1,393.99133031900914
위례 택지개발사업 예정지구,단독주택,D2-1,30-1,D2-1-30-1,1,250.41424917031622
위례 택지개발사업 예정지구,단독주택,D2-1,30-10,D2-1-30-10,1,249.6879176556807
위례 택지개발사업 예정지구,단독주택,D2-1,30-2,D2-1-30-2,1,250.43523441189137
위례 택지개발사업 예정지구,단독주택,D2-1,30-3,D2-1-30-3,1,249.86621918918854
위례 택지개발사업 예정지구,단독주택,D2-1,30-4,D2-1-30-4,1,250.16471591395072
위례 택지개발사업 예정지구,단독주택,D2-1,30-5,D2-1-30-5,1,250.94789039725975
위례 택지개발사업 예정지구,단독주택,D2-1,30-6,D2-1-30-6,1,280.921995809513
위례 택지개발사업 예정지구,단독주택,D2-1,30-7,D2-1-30-7,1,280.7719395298225
위례 택지개발사업 예정지구,단독주택,D2-1,30-8,D2-1-30-8,1,250.1906401383518
위례 택지개발사업 예정지구,단독주택,D2-1,30-9,D2-1-30-9,1,250.18799798907105
위례 택지개발사업 예정지구,단독주택,D2-1,4-1,D2-1-4-1,1,254.73321538638913
위례 택지개발사업 예정지구,단독주택,D2-1,4-2,D2-1-4-2,1,251.7156626813369
위례 택지개발사업 예정지구,단독주택,D2-1,4-3,D2-1-4-3,1,251.59988821700478
위례 택지개발사업 예정지구,단독주택,D2-1,4-4,D2-1-4-4,1,251.73476518872232
위례 택지개발사업 예정지구,단독주택,D2-1,5-1,D2-1-5-1,1,251.5310459411974
위례 택지개발사업 예정지구,단독주택,D2-1,5-2,D2-1-5-2,1,252.05700775531713
위례 택지개발사업 예정지구,단독주택,D2-1,5-3,D2-1-5-3,1,251.7277823646097
위례 택지개발사업 예정지구,단독주택,D2-1,5-4,D2-1-5-4,1,254.1940437855709
위례 택지개발사업 예정지구,단독주택,D2-1,6-1,D2-1-6-1,1,251.02323749092963
위례 택지개발사업 예정지구,단독주택,D2-1,6-2,D2-1-6-2,1,250.53555553464662
위례 택지개발사업 예정지구,단독주택,D2-1,6-3,D2-1-6-3,1,255.72917099744362
위례 택지개발사업 예정지구,단독주택,D2-1,7-1,D2-1-7-1,1,251.380028182634
위례 택지개발사업 예정지구,단독주택,D2-1,7-2,D2-1-7-2,1,251.00067966767278
위례 택지개발사업 예정지구,단독주택,D2-1,7-3,D2-1-7-3,1,256.1878337700849
위례 택지개발사업 예정지구,단독주택,D2-1,8-1,D2-1-8-1,1,275.1070671493919
위례 택지개발사업 예정지구,단독주택,D2-1,8-2,D2-1-8-2,1,281.4615605927162
위례 택지개발사업 예정지구,단독주택,D2-1,8-3,D2-1-8-3,1,285.3437547838541
위례 택지개발사업 예정지구,단독주택,D2-1,8-4,D2-1-8-4,1,285.78133614109896
위례 택지개발사업 예정지구,단독주택,D2-1,8-5,D2-1-8-5,1,269.1220437072471
위례 택지개발사업 예정지구,단독주택,D2-1,8-6,D2-1-8-6,1,281.6264153888542
위례 택지개발사업 예정지구,단독주택,D2-1,8-7,D2-1-8-7,1,277.4635294400413
위례 택지개발사업 예정지구,단독주택,D2-1,8-8,D2-1-8-8,1,282.1905508842354
위례 택지개발사업 예정지구,단독주택,D2-1,9-1,D2-1-9-1,1,277.1856865214972
위례 택지개발사업 예정지구,단독주택,D2-1,9-2,D2-1-9-2,1,287.5233071979608
위례 택지개발사업 예정지구,단독주택,D2-1,9-3,D2-1-9-3,1,291.03426017637776
위례 택지개발사업 예정지구,단독주택,D2-1,9-4,D2-1-9-4,1,295.0578169031572
위례 택지개발사업 예정지구,단독주택,D2-1,9-5,D2-1-9-5,1,278.6750770256803
위례 택지개발사업 예정지구,단독주택,D2-1,9-6,D2-1-9-6,1,288.49251292319394
위례 택지개발사업 예정지구,단독주택,D2-1,9-7,D2-1-9-7,1,284.8057761242334
위례 택지개발사업 예정지구,단독주택,D2-1,9-8,D2-1-9-8,1,287.8452583873746
위례 택지개발사업 예정지구,단독주택,D2-2,1-1,D2-2-1-1,1,257.4699076062873
위례 택지개발사업 예정지구,단독주택,D2-2,1-2,D2-2-1-2,1,257.29659154799464
위례 택지개발사업 예정지구,단독주택,D2-2,2-1,D2-2-2-1,1,271.7098955163299
위례 택지개발사업 예정지구,단독주택,D2-2,2-2,D2-2-2-2,1,272.3369665316837
위례 택지개발사업 예정지구,단독주택,D2-2,2-3,D2-2-2-3,1,270.87771622545176
위례 택지개발사업 예정지구,단독주택,D2-2,2-4,D2-2-2-4,1,272.14539006207514
위례 택지개발사업 예정지구,단독주택,D2-2,2-5,D2-2-2-5,1,272.180952160499
위례 택지개발사업 예정지구,단독주택,D2-2,2-6,D2-2-2-6,1,271.91474065825366
위례 택지개발사업 예정지구,단독주택,D2-2,2-7,D2-2-2-7,1,269.15893808989387
위례 택지개발사업 예정지구,단독주택,D2-2,2-8,D2-2-2-8,1,268.8619091487967
위례 택지개발사업 예정지구,단독주택,D2-2,2-9,D2-2-2-9,1,275.684723271835
위례 택지개발사업 예정지구,단독주택,D2-2,3-1,D2-2-3-1,1,266.8716977373318
위례 택지개발사업 예정지구,단독주택,D2-2,3-10,D2-2-3-10,1,249.02564844685264
위례 택지개발사업 예정지구,단독주택,D2-2,3-11,D2-2-3-11,1,249.03522709063768
위례 택지개발사업 예정지구,단독주택,D2-2,3-12,D2-2-3-12,1,248.9567013450303
위례 택지개발사업 예정지구,단독주택,D2-2,3-13,D2-2-3-13,1,248.95575125485712
위례 택지개발사업 예정지구,단독주택,D2-2,3-14,D2-2-3-14,1,266.2084355049108
위례 택지개발사업 예정지구,단독주택,D2-2,3-2,D2-2-3-2,1,249.0769664019609
위례 택지개발사업 예정지구,단독주택,D2-2,3-3,D2-2-3-3,1,248.83880675046888
위례 택지개발사업 예정지구,단독주택,D2-2,3-4,D2-2-3-4,1,249.7004096312059
위례 택지개발사업 예정지구,단독주택,D2-2,3-5,D2-2-3-5,1,249.1554419875138
위례 택지개발사업 예정지구,단독주택,D2-2,3-6,D2-2-3-6,1,249.80204337854087
위례 택지개발사업 예정지구,단독주택,D2-2,3-7,D2-2-3-7,1,264.9058385968198
위례 택지개발사업 예정지구,단독주택,D2-2,3-8,D2-2-3-8,1,265.44393974053185
위례 택지개발사업 예정지구,단독주택,D2-2,3-9,D2-2-3-9,1,249.09647751881127
위례 택지개발사업 예정지구,단독주택,D2-2,4-1,D2-2-4-1,1,265.7809949204972
위례 택지개발사업 예정지구,단독주택,D2-2,4-2,D2-2-4-2,1,267.3742635683516
위례 택지개발사업 예정지구,단독주택,D2-2,5-1,D2-2-5-1,1,265.0903494246946
위례 택지개발사업 예정지구,단독주택,D2-2,5-10,D2-2-5-10,1,265.7101981375905
위례 택지개발사업 예정지구,단독주택,D2-2,5-11,D2-2-5-11,1,264.3218080414376
위례 택지개발사업 예정지구,단독주택,D2-2,5-12,D2-2-5-12,1,266.4690778872809
위례 택지개발사업 예정지구,단독주택,D2-2,5-2,D2-2-5-2,1,264.97305986499543
위례 택지개발사업 예정지구,단독주택,D2-2,5-3,D2-2-5-3,1,265.02500692624585
위례 택지개발사업 예정지구,단독주택,D2-2,5-4,D2-2-5-4,1,265.0230564423462
위례 택지개발사업 예정지구,단독주택,D2-2,5-5,D2-2-5-5,1,264.9920134977767
위례 택지개발사업 예정지구,단독주택,D2-2,5-6,D2-2-5-6,1,264.9169160398048
위례 택지개발사업 예정지구,단독주택,D2-2,5-7,D2-2-5-7,1,264.95509023812747
위례 택지개발사업 예정지구,단독주택,D2-2,5-8,D2-2-5-8,1,265.4784725848256
위례 택지개발사업 예정지구,단독주택,D2-2,5-9,D2-2-5-9,1,264.5120538503704
위례 택지개발사업 예정지구,단독주택,D2-3,1-1,D2-3-1-1,1,258.86958975417684
위례 택지개발사업 예정지구,단독주택,D2-3,1-10,D2-3-1-10,1,258.6323361945415
위례 택지개발사업 예정지구,단독주택,D2-3,1-2,D2-3-1-2,1,255.1963413273935
위례 택지개발사업 예정지구,단독주택,D2-3,1-3,D2-3-1-3,1,255.0486707191942
위례 택지개발사업 예정지구,단독주택,D2-3,1-4,D2-3-1-4,1,254.93501043948515
위례 택지개발사업 예정지구,단독주택,D2-3,1-5,D2-3-1-5,1,255.17790308130122
위례 택지개발사업 예정지구,단독주택,D2-3,1-6,D2-3-1-6,1,255.18029329280773
위례 택지개발사업 예정지구,단독주택,D2-3,1-7,D2-3-1-7,1,255.15592734128316
위례 택지개발사업 예정지구,단독주택,D2-3,1-8,D2-3-1-8,1,255.43000780593923
위례 택지개발사업 예정지구,단독주택,D2-3,1-9,D2-3-1-9,1,255.1788071266878
위례 택지개발사업 예정지구,단독주택,D2-3,2-1,D2-3-2-1,1,255.40131452045074
위례 택지개발사업 예정지구,단독주택,D2-3,2-2,D2-3-2-2,1,255.25917738871487
위례 택지개발사업 예정지구,단독주택,D2-3,2-3,D2-3-2-3,1,255.16127252447043
위례 택지개발사업 예정지구,단독주택,D2-3,2-4,D2-3-2-4,1,258.0291169735163
위례 택지개발사업 예정지구,단독주택,D2-3,3-1,D2-3-3-1,1,290.1048259655428
위례 택지개발사업 예정지구,단독주택,D2-3,3-2,D2-3-3-2,1,289.26186821405065
위례 택지개발사업 예정지구,단독주택,D2-3,4-1,D2-3-4-1,1,277.88514956631957
위례 택지개발사업 예정지구,단독주택,D2-3,4-10,D2-3-4-10,1,265.5253315291591
위례 택지개발사업 예정지구,단독주택,D2-3,4-11,D2-3-4-11,1,265.23300833611046
위례 택지개발사업 예정지구,단독주택,D2-3,4-12,D2-3-4-12,1,265.1059673943134
위례 택지개발사업 예정지구,단독주택,D2-3,4-13,D2-3-4-13,1,265.05566427100035
위례 택지개발사업 예정지구,단독주택,D2-3,4-14,D2-3-4-14,1,265.18292369239214
위례 택지개발사업 예정지구,단독주택,D2-3,4-15,D2-3-4-15,1,265.2319000614591
위례 택지개발사업 예정지구,단독주택,D2-3,4-16,D2-3-4-16,1,265.2053469462943
위례 택지개발사업 예정지구,단독주택,D2-3,4-17,D2-3-4-17,1,265.1948412891569
위례 택지개발사업 예정지구,단독주택,D2-3,4-18,D2-3-4-18,1,268.5302762931219
위례 택지개발사업 예정지구,단독주택,D2-3,4-2,D2-3-4-2,1,265.45741983660076
위례 택지개발사업 예정지구,단독주택,D2-3,4-3,D2-3-4-3,1,265.52038753206364
위례 택지개발사업 예정지구,단독주택,D2-3,4-4,D2-3-4-4,1,265.3425687506688
위례 택지개발사업 예정지구,단독주택,D2-3,4-5,D2-3-4-5,1,265.37688107489214
위례 택지개발사업 예정지구,단독주택,D2-3,4-6,D2-3-4-6,1,265.5613801001011
위례 택지개발사업 예정지구,단독주택,D2-3,4-7,D2-3-4-7,1,265.32253634685424
위례 택지개발사업 예정지구,단독주택,D2-3,4-8,D2-3-4-8,1,265.3624480455872
위례 택지개발사업 예정지구,단독주택,D2-3,4-9,D2-3-4-9,1,265.446380357832
위례 택지개발사업 예정지구,단독주택,D2-3,5-1,D2-3-5-1,1,260.056963892187
위례 택지개발사업 예정지구,단독주택,D2-3,5-10,D2-3-5-10,1,255.4717356156609
위례 택지개발사업 예정지구,단독주택,D2-3,5-11,D2-3-5-11,1,255.5587203213331
위례 택지개발사업 예정지구,단독주택,D2-3,5-12,D2-3-5-12,1,255.62241957187118
위례 택지개발사업 예정지구,단독주택,D2-3,5-13,D2-3-5-13,1,255.7978760655702
위례 택지개발사업 예정지구,단독주택,D2-3,5-14,D2-3-5-14,1,255.86506759106817
위례 택지개발사업 예정지구,단독주택,D2-3,5-15,D2-3-5-15,1,255.71253646538807
위례 택지개발사업 예정지구,단독주택,D2-3,5-16,D2-3-5-16,1,258.87062565703314
위례 택지개발사업 예정지구,단독주택,D2-3,5-2,D2-3-5-2,1,256.2392440121806
위례 택지개발사업 예정지구,단독주택,D2-3,5-3,D2-3-5-3,1,256.21824108840894
위례 택지개발사업 예정지구,단독주택,D2-3,5-4,D2-3-5-4,1,256.11311683928784
위례 택지개발사업 예정지구,단독주택,D2-3,5-5,D2-3-5-5,1,256.1106150716926
위례 택지개발사업 예정지구,단독주택,D2-3,5-6,D2-3-5-6,1,255.9926629086877
위례 택지개발사업 예정지구,단독주택,D2-3,5-7,D2-3-5-7,1,256.13934643921027
위례 택지개발사업 예정지구,단독주택,D2-3,5-8,D2-3-5-8,1,259.3559254630424
위례 택지개발사업 예정지구,단독주택,D2-3,5-9,D2-3-5-9,1,258.99872047250227
위례 택지개발사업 예정지구,단독주택,D2-3,6-1,D2-3-6-1,1,259.04402678194697
위례 택지개발사업 예정지구,단독주택,D2-3,6-10,D2-3-6-10,1,255.8918433283518
위례 택지개발사업 예정지구,단독주택,D2-3,6-11,D2-3-6-11,1,255.90983340438189
위례 택지개발사업 예정지구,단독주택,D2-3,6-12,D2-3-6-12,1,255.69368418727066
위례 택지개발사업 예정지구,단독주택,D2-3,6-13,D2-3-6-13,1,255.80272061259507
위례 택지개발사업 예정지구,단독주택,D2-3,6-14,D2-3-6-14,1,255.75842089735664
위례 택지개발사업 예정지구,단독주택,D2-3,6-15,D2-3-6-15,1,255.69117185060142
위례 택지개발사업 예정지구,단독주택,D2-3,6-16,D2-3-6-16,1,259.8963575963924
위례 택지개발사업 예정지구,단독주택,D2-3,6-2,D2-3-6-2,1,256.3359006535715
위례 택지개발사업 예정지구,단독주택,D2-3,6-3,D2-3-6-3,1,255.53559594309638
위례 택지개발사업 예정지구,단독주택,D2-3,6-4,D2-3-6-4,1,255.951622809402
위례 택지개발사업 예정지구,단독주택,D2-3,6-5,D2-3-6-5,1,255.6953322901827
위례 택지개발사업 예정지구,단독주택,D2-3,6-6,D2-3-6-6,1,256.1472293562695
위례 택지개발사업 예정지구,단독주택,D2-3,6-7,D2-3-6-7,1,256.2167421944139
위례 택지개발사업 예정지구,단독주택,D2-3,6-8,D2-3-6-8,1,258.67267034715644
위례 택지개발사업 예정지구,단독주택,D2-3,6-9,D2-3-6-9,1,258.79139249483893
위례 택지개발사업 예정지구,단독주택,D2-3,7-1,D2-3-7-1,1,289.96426049185953
위례 택지개발사업 예정지구,단독주택,D2-3,7-2,D2-3-7-2,1,289.56373954622427
위례 택지개발사업 예정지구,단독주택,D2-3,8-1,D2-3-8-1,1,268.3357539534727
위례 택지개발사업 예정지구,단독주택,D2-3,8-2,D2-3-8-2,1,265.3044782371102
위례 택지개발사업 예정지구,단독주택,D2-3,8-3,D2-3-8-3,1,265.31084611508487
위례 택지개발사업 예정지구,단독주택,D2-3,8-4,D2-3-8-4,1,265.38449368769665
위례 택지개발사업 예정지구,단독주택,D2-3,8-5,D2-3-8-5,1,268.41538637419876
위례 택지개발사업 예정지구,단독주택,D2-4,1-1,D2-4-1-1,1,279.2821775396216
위례 택지개발사업 예정지구,단독주택,D2-4,1-2,D2-4-1-2,1,279.25373288062565
위례 택지개발사업 예정지구,단독주택,D2-4,1-3,D2-4-1-3,1,279.26757449724334
위례 택지개발사업 예정지구,단독주택,D2-4,1-4,D2-4-1-4,1,279.3113864582343
위례 택지개발사업 예정지구,단독주택,D2-4,1-5,D2-4-1-5,1,279.1390588282812
위례 택지개발사업 예정지구,단독주택,D2-4,1-6,D2-4-1-6,1,244.99594573382572
위례 택지개발사업 예정지구,단독주택,D2-4,1-7,D2-4-1-7,1,283.7947474525629
위례 택지개발사업 예정지구,단독주택,D2-4,2-1,D2-4-2-1,1,257.7577405539789
위례 택지개발사업 예정지구,단독주택,D2-4,2-2,D2-4-2-2,1,256.6331578631972
위례 택지개발사업 예정지구,단독주택,D2-4,2-3,D2-4-2-3,1,255.90836650219623
위례 택지개발사업 예정지구,단독주택,D2-4,2-4,D2-4-2-4,1,256.9572554943757
위례 택지개발사업 예정지구,단독주택,D2-4,3-1,D2-4-3-1,1,289.83700950107925
위례 택지개발사업 예정지구,단독주택,D2-4,3-2,D2-4-3-2,1,289.8941563566837
위례 택지개발사업 예정지구,단독주택,D2-4,4-1,D2-4-4-1,1,268.10723107268495
위례 택지개발사업 예정지구,단독주택,D2-4,4-2,D2-4-4-2,1,265.00172732154823
위례 택지개발사업 예정지구,단독주택,D2-4,4-3,D2-4-4-3,1,265.0533033570589
위례 택지개발사업 예정지구,단독주택,D2-4,4-4,D2-4-4-4,1,265.136257086837
위례 택지개발사업 예정지구,단독주택,D2-4,4-5,D2-4-4-5,1,267.9872072757324
위례 택지개발사업 예정지구,단독주택,D2-4,5-1,D2-4-5-1,1,294.54455829193597
위례 택지개발사업 예정지구,단독주택,D2-4,5-2,D2-4-5-2,1,293.0885471667115
위례 택지개발사업 예정지구,단독주택,D2-4,5-3,D2-4-5-3,1,293.3411155387605
위례 택지개발사업 예정지구,단독주택,D2-4,5-4,D2-4-5-4,1,294.172573824561
위례 택지개발사업 예정지구,단독주택,D2-4,5-5,D2-4-5-5,1,294.33572151468223
위례 택지개발사업 예정지구,단독주택,D2-4,5-6,D2-4-5-6,1,293.2771860320672
위례 택지개발사업 예정지구,단독주택,D2-4,5-7,D2-4-5-7,1,293.0866516488923
위례 택지개발사업 예정지구,단독주택,D2-4,5-8,D2-4-5-8,1,294.40368092114323
위례 택지개발사업 예정지구,단독주택,D2-4,6-1,D2-4-6-1,1,287.1801442589333
위례 택지개발사업 예정지구,단독주택,D2-4,6-10,D2-4-6-10,1,286.13906945578765
위례 택지개발사업 예정지구,단독주택,D2-4,6-11,D2-4-6-11,1,286.12156681459624
위례 택지개발사업 예정지구,단독주택,D2-4,6-12,D2-4-6-12,1,287.0023398179871
위례 택지개발사업 예정지구,단독주택,D2-4,6-2,D2-4-6-2,1,286.2620726565604
위례 택지개발사업 예정지구,단독주택,D2-4,6-3,D2-4-6-3,1,286.66795720016
위례 택지개발사업 예정지구,단독주택,D2-4,6-4,D2-4-6-4,1,285.68377335610313
위례 택지개발사업 예정지구,단독주택,D2-4,6-5,D2-4-6-5,1,286.9376708459556
위례 택지개발사업 예정지구,단독주택,D2-4,6-6,D2-4-6-6,1,287.5890210734384
위례 택지개발사업 예정지구,단독주택,D2-4,6-7,D2-4-6-7,1,284.4278313599302
위례 택지개발사업 예정지구,단독주택,D2-4,6-8,D2-4-6-8,1,286.15240751470304
위례 택지개발사업 예정지구,단독주택,D2-4,6-9,D2-4-6-9,1,286.13715298552955
위례 택지개발사업 예정지구,단독주택,D2-4,7-1,D2-4-7-1,1,287.1234155564787
위례 택지개발사업 예정지구,단독주택,D2-4,7-10,D2-4-7-10,1,286.0486421063631
위례 택지개발사업 예정지구,단독주택,D2-4,7-11,D2-4-7-11,1,286.0381051450548
위례 택지개발사업 예정지구,단독주택,D2-4,7-12,D2-4-7-12,1,286.91935269535463
위례 택지개발사업 예정지구,단독주택,D2-4,7-2,D2-4-7-2,1,285.9482957476105
위례 택지개발사업 예정지구,단독주택,D2-4,7-3,D2-4-7-3,1,286.0123517321556
위례 택지개발사업 예정지구,단독주택,D2-4,7-4,D2-4-7-4,1,286.0902943978842
위례 택지개발사업 예정지구,단독주택,D2-4,7-5,D2-4-7-5,1,286.2725021776986
위례 택지개발사업 예정지구,단독주택,D2-4,7-6,D2-4-7-6,1,287.439546111955
위례 택지개발사업 예정지구,단독주택,D2-4,7-7,D2-4-7-7,1,287.2147713759998
위례 택지개발사업 예정지구,단독주택,D2-4,7-8,D2-4-7-8,1,286.0647986674724
위례 택지개발사업 예정지구,단독주택,D2-4,7-9,D2-4-7-9,1,285.9342765633424
위례 택지개발사업 예정지구,단독주택,D2-4,8-1,D2-4-8-1,1,278.20132124618254
위례 택지개발사업 예정지구,단독주택,D2-4,8-2,D2-4-8-2,1,294.0901076023862
위례 택지개발사업 예정지구,단독주택,D2-4,8-3,D2-4-8-3,1,271.5670292420011
위례 택지개발사업 예정지구,단독주택,D2-4,8-4,D2-4-8-4,1,275.9697110930372
위례 택지개발사업 예정지구,단독주택,D2-4,8-5,D2-4-8-5,1,270.19026500031543
위례 택지개발사업 예정지구,단독주택,D2-4,8-6,D2-4-8-6,1,265.13590477410537
위례 택지개발사업 예정지구,단독주택,D2-4,8-7,D2-4-8-7,1,299.2872357447145
위례 택지개발사업 예정지구,단독주택,D2-4,9-1,D2-4-9-1,1,286.40058322434976
위례 택지개발사업 예정지구,단독주택,D2-4,9-2,D2-4-9-2,1,280.0334433085661
위례 택지개발사업 예정지구,단독주택,D2-4,9-3,D2-4-9-3,1,288.44184882513815
위례 택지개발사업 예정지구,단독주택,D2-4,9-4,D2-4-9-4,1,304.2755196346143
위례 택지개발사업 예정지구,단독주택,D2-4,9-5,D2-4-9-5,1,303.99787086771244
위례 택지개발사업 예정지구,단독주택,D2-4,9-6,D2-4-9-6,1,303.8635841492521
위례 택지개발사업 예정지구,단독주택,D2-4,9-7,D2-4-9-7,1,304.10338512852263
위례 택지개발사업 예정지구,단독주택,D3-1,1-1,D3-1-1-1,1,261.5744689503931
위례 택지개발사업 예정지구,단독주택,D3-1,1-10,D3-1-1-10,1,261.4256123368834
위례 택지개발사업 예정지구,단독주택,D3-1,1-11,D3-1-1-11,1,261.43323061922615
위례 택지개발사업 예정지구,단독주택,D3-1,1-12,D3-1-1-12,1,261.8087174805842
위례 택지개발사업 예정지구,단독주택,D3-1,1-13,D3-1-1-13,1,261.77282336338715
위례 택지개발사업 예정지구,단독주택,D3-1,1-14,D3-1-1-14,1,261.6745696607467
위례 택지개발사업 예정지구,단독주택,D3-1,1-2,D3-1-1-2,1,261.4982987243581
위례 택지개발사업 예정지구,단독주택,D3-1,1-3,D3-1-1-3,1,261.5089050862229
위례 택지개발사업 예정지구,단독주택,D3-1,1-4,D3-1-1-4,1,261.48181922386925
위례 택지개발사업 예정지구,단독주택,D3-1,1-5,D3-1-1-5,1,261.5516093526918
위례 택지개발사업 예정지구,단독주택,D3-1,1-6,D3-1-1-6,1,261.4429145390557
위례 택지개발사업 예정지구,단독주택,D3-1,1-7,D3-1-1-7,1,271.5964736321195
위례 택지개발사업 예정지구,단독주택,D3-1,1-8,D3-1-1-8,1,271.22352440646887
위례 택지개발사업 예정지구,단독주택,D3-1,1-9,D3-1-1-9,1,261.4114987565459
위례 택지개발사업 예정지구,단독주택,D3-1,2-1,D3-1-2-1,1,282.01655645701516
위례 택지개발사업 예정지구,단독주택,D3-1,2-2,D3-1-2-2,1,281.4452281339679
위례 택지개발사업 예정지구,단독주택,D3-1,2-3,D3-1-2-3,1,281.40572081106774
위례 택지개발사업 예정지구,단독주택,D3-1,2-4,D3-1-2-4,1,281.20717778830414
위례 택지개발사업 예정지구,단독주택,D3-1,2-5,D3-1-2-5,1,281.31520060342433
위례 택지개발사업 예정지구,단독주택,D3-1,2-6,D3-1-2-6,1,281.34718763835025
위례 택지개발사업 예정지구,단독주택,D3-1,2-7,D3-1-2-7,1,281.97734543693
위례 택지개발사업 예정지구,도로,도로,도로,도로,6,1028215.8539206778
위례 택지개발사업 예정지구,도시지원시설용지,지원1,지원1,지원1,1,88645.05133522129
위례 택지개발사업 예정지구,도시지원시설용지,지원2,지원2,지원2,1,49348.99571815333
위례 택지개발사업 예정지구,도시지원시설용지,지원3,지원3,지원3,1,6482.826815508093
위례 택지개발사업 예정지구,문화시설,문화1,문화1,문화1,1,5590.176887882246
위례 택지개발사업 예정지구,문화시설,문화2,문화2,문화2,1,38075.34268933204
위례 택지개발사업 예정지구,문화시설,문화3,문화3,문화3,1,360.061350222519
위례 택지개발사업 예정지구,보행자전용도로,보행,보행,보행,79,60488.205140372316
위례 택지개발사업 예정지구,복합용지,E1-1,E1-1,E1-1,1,20632.048166141794
위례 택지개발사업 예정지구,복합용지,E1-2,E1-2,E1-2,1,99444.27110683854
위례 택지개발사업 예정지구,복합용지,E1-3,E1-3,E1-3,1,31595.667231527674
위례 택지개발사업 예정지구,사회복지시설,복지1,복지1,복지1,1,1404.9646444090365
위례 택지개발사업 예정지구,사회복지시설,복지3,복지3,복지3,1,2054.9028811498965
위례 택지개발사업 예정지구,사회복지시설,복지4,복지4,복지4,1,2946.902910737597
위례 택지개발사업 예정지구,사회복지시설,복지5,복지5,복지5,1,3032.206251214689
위례 택지개발사업 예정지구,수도공급시설,수도,수도,수도,10,45279.29023334157
위례 택지개발사업 예정지구,수도공급시설,수도2,수도2,수도2,1,3246.1685172808516
위례 택지개발사업 예정지구,수도공급시설,수도3,수도3,수도3,6,329.65543394579913
위례 택지개발사업 예정지구,수도공급시설,수도4,수도4,수도4,1,5519.299180484183
위례 택지개발사업 예정지구,수도공급시설,수도5,수도5,수도5,1,871.2711389188175
위례 택지개발사업 예정지구,수도공급시설,수도6,수도6,수도6,1,25.257471227367486
위례 택지개발사업 예정지구,수도공급시설,수도7,수도7,수도7,1,780.3976116574822
위례 택지개발사업 예정지구,아파트,A1-1,A1-1,A1-1,1,65145.698566119754
위례 택지개발사업 예정지구,아파트,A1-10,A1-10,A1-10,1,105578.17578474846
위례 택지개발사업 예정지구,아파트,A1-11,A1-11,A1-11,1,82396.65915531189
위례 택지개발사업 예정지구,아파트,A1-12,A1-12,A1-12,1,20419.624444078152
위례 택지개발사업 예정지구,아파트,A1-13,A1-13,A1-13,1,32453.902956956932
위례 택지개발사업 예정지구,아파트,A1-14,A1-14,A1-14,1,22500.92831440348
위례 택지개발사업 예정지구,아파트,A1-2,A1-2,A1-2,1,50150.68568683616
위례 택지개발사업 예정지구,아파트,A1-3,A1-3,A1-3,1,23297.523556106757
위례 택지개발사업 예정지구,아파트,A1-4,A1-4,A1-4,1,46567.269438776086
위례 택지개발사업 예정지구,아파트,A1-5,A1-5,A1-5,1,61475.1011690145
위례 택지개발사업 예정지구,아파트,A1-6,A1-6,A1-6,1,33017.05190152417
위례 택지개발사업 예정지구,아파트,A1-7,A1-7,A1-7,1,37156.27943512654
위례 택지개발사업 예정지구,아파트,A1-8,A1-8,A1-8,1,44179.190449620895
위례 택지개발사업 예정지구,아파트,A1-9,A1-9,A1-9,1,63915.02375965456
위례 택지개발사업 예정지구,아파트,A2-1,A2-1,A2-1,1,79716.734097873
위례 택지개발사업 예정지구,아파트,A2-10,A2-10,A2-10,1,98548.44942084758
위례 택지개발사업 예정지구,아파트,A2-11,A2-11,A2-11,1,88975.53403778184
위례 택지개발사업 예정지구,아파트,A2-12,A2-12,A2-12,1,50901.22276975772
위례 택지개발사업 예정지구,아파트,A2-13,A2-13,A2-13,1,45306.238744342736
위례 택지개발사업 예정지구,아파트,A2-15,A2-15,A2-15,1,13039.910484151536
위례 택지개발사업 예정지구,아파트,A2-2,A2-2,A2-2,1,68175.96438841357
위례 택지개발사업 예정지구,아파트,A2-3,A2-3,A2-3,1,42016.299069328285
위례 택지개발사업 예정지구,아파트,A2-4,A2-4,A2-4,1,76394.74077380482
위례 택지개발사업 예정지구,아파트,A2-5,A2-5,A2-5,1,31444.456301234175
위례 택지개발사업 예정지구,아파트,A2-6,A2-6,A2-6,1,33283.45776851283
위례 택지개발사업 예정지구,아파트,A2-7,A2-7,A2-7,1,52721.21920950796
위례 택지개발사업 예정지구,아파트,A2-8,A2-8,A2-8,1,64695.729799226
위례 택지개발사업 예정지구,아파트,A2-9,A2-9,A2-9,1,39466.41803764297
위례 택지개발사업 예정지구,아파트,A3-1,A3-1,A3-1,1,35786.44207306056
위례 택지개발사업 예정지구,아파트,A3-10,A3-10,A3-10,1,37615.380247895
위례 택지개발사업 예정지구,아파트,A3-2,A3-2,A3-2,1,31434.534537822456
위례 택지개발사업 예정지구,아파트,A3-3a,A3-3a,A3-3a,1,17655.701107107554
위례 택지개발사업 예정지구,아파트,A3-3b,A3-3b,A3-3b,1,19999.664470398475
위례 택지개발사업 예정지구,아파트,A3-4a,A3-4a,A3-4a,1,60020.109204749
위례 택지개발사업 예정지구,아파트,A3-4b,A3-4b,A3-4b,1,51255.18418805599
위례 택지개발사업 예정지구,아파트,A3-5,A3-5,A3-5,1,42117.30064547265
위례 택지개발사업 예정지구,아파트,A3-6a,A3-6a,A3-6a,1,41449.30435057379
위례 택지개발사업 예정지구,아파트,A3-6b,A3-6b,A3-6b,1,42473.29248983046
위례 택지개발사업 예정지구,아파트,A3-7,A3-7,A3-7,1,57172.05759781755
위례 택지개발사업 예정지구,아파트,A3-8,A3-8,A3-8,1,81086.7158964713
위례 택지개발사업 예정지구,아파트,A3-9,A3-9,A3-9,1,71386.81983584324
위례 택지개발사업 예정지구,업무시설,업무1,업무1,업무1,1,30004.832778457552
위례 택지개발사업 예정지구,업무시설,업무10,업무10,업무10,1,1810.4758321063025
위례 택지개발사업 예정지구,업무시설,업무11,업무11,업무11,1,1692.7974130107614
위례 택지개발사업 예정지구,업무시설,업무14,업무14,업무14,1,1994.025134965393
위례 택지개발사업 예정지구,업무시설,업무15,업무15,업무15,1,30050.507530002316
위례 택지개발사업 예정지구,업무시설,업무16,업무16,업무16,1,6143.3185986981025
위례 택지개발사업 예정지구,업무시설,업무18,업무18,업무18,1,1479.357776362427
위례 택지개발사업 예정지구,업무시설,업무2-1,업무2-1,업무2-1,1,5459.893158188937
위례 택지개발사업 예정지구,업무시설,업무2-2,업무2-2,업무2-2,1,17921.980129089992
위례 택지개발사업 예정지구,업무시설,업무21,업무21,업무21,1,10132.044669555657
위례 택지개발사업 예정지구,업무시설,업무22,업무22,업무22,1,13123.831211791136
위례 택지개발사업 예정지구,업무시설,업무23,업무23,업무23,1,18263.8362714395
위례 택지개발사업 예정지구,업무시설,업무24,업무24,업무24,1,13516.898695628024
위례 택지개발사업 예정지구,업무시설,업무25,업무25,업무25,1,3462.0530579845245
위례 택지개발사업 예정지구,업무시설,업무26,업무26,업무26,1,22859.616353166606
위례 택지개발사업 예정지구,업무시설,업무3,업무3,업무3,1,11470.810914942977
위례 택지개발사업 예정지구,업무시설,업무31,업무31,업무31,1,26535.19037458075
위례 택지개발사업 예정지구,업무시설,업무34,업무34,업무34,1,35318.39024896645
위례 택지개발사업 예정지구,업무시설,업무35,업무35,업무35,1,17943.141087350265
위례 택지개발사업 예정지구,업무시설,업무36,업무36,업무36,1,1499.7167116035741
위례 택지개발사업 예정지구,업무시설,업무4,업무4,업무4,1,4629.541167881362
위례 택지개발사업 예정지구,업무시설,업무6,업무6,업무6,1,3013.11397015934
위례 택지개발사업 예정지구,업무시설,업무7,업무7,업무7,1,1501.3577563462525
위례 택지개발사업 예정지구,업무시설,업무8,업무8,업무8,1,1828.2147331150813
위례 택지개발사업 예정지구,업무시설,업무9,업무9,업무9,1,2029.8789630626827
위례 택지개발사업 예정지구,연결녹지,연,연,연,10,83424.27550116157
위례 택지개발사업 예정지구,연립,A2-14,A2-14,A2-14,1,40414.31510043567
위례 택지개발사업 예정지구,열공급설비,열1,열1,열1,1,38452.37124411069
위례 택지개발사업 예정지구,오수중계펌프장,하1,하1,하1,1,1267.971899496306
위례 택지개발사업 예정지구,완충녹지,완,완,완,32,99659.70967669677
위례 택지개발사업 예정지구,위험물저장및처리시설,위1,위1,위1,1,1871.1774925019422
위례 택지개발사업 예정지구,위험물저장및처리시설,위2,위2,위2,1,2585.680057288722
위례 택지개발사업 예정지구,위험물저장및처리시설,위3,위3,위3,1,2266.40530893706
위례 택지개발사업 예정지구,위험물저장및처리시설,위5,위5,위5,1,1442.7324833693874
위례 택지개발사업 예정지구,유수지,유수,유수,유수,6,86834.76422327377
위례 택지개발사업 예정지구,일반상업,일상1,1-1,일상1-1-1,1,3041.797334323861
위례 택지개발사업 예정지구,일반상업,일상1,1-2,일상1-1-2,1,2857.223797017056
위례 택지개발사업 예정지구,일반상업,일상10,일상10,일상10,1,9397.760869885264
위례 택지개발사업 예정지구,일반상업,일상11,1-1,일상11-1-1,1,4655.9407916383025
위례 택지개발사업 예정지구,일반상업,일상11,1-2,일상11-1-2,1,4656.879975162033
위례 택지개발사업 예정지구,일반상업,일상2,1-1,일상2-1-1,1,1055.0058098177155
위례 택지개발사업 예정지구,일반상업,일상2,1-2,일상2-1-2,1,1049.589471909558
위례 택지개발사업 예정지구,일반상업,일상2,1-3,일상2-1-3,1,1049.3443097440493
위례 택지개발사업 예정지구,일반상업,일상2,1-4,일상2-1-4,1,1067.5837496417191
위례 택지개발사업 예정지구,일반상업,일상3,1-1,일상3-1-1,1,2784.6229623286936
위례 택지개발사업 예정지구,일반상업,일상3,1-2,일상3-1-2,1,2822.4981155216296
위례 택지개발사업 예정지구,일반상업,일상3,1-3,일상3-1-3,1,2818.8290530720683
위례 택지개발사업 예정지구,일반상업,일상3,2-1,일상3-2-1,1,1891.7663753576965
위례 택지개발사업 예정지구,일반상업,일상3,2-2,일상3-2-2,1,2075.9545397085926
위례 택지개발사업 예정지구,일반상업,일상4,1-1,일상4-1-1,1,1893.0462235975817
위례 택지개발사업 예정지구,일반상업,일상4,1-2,일상4-1-2,1,1925.2898985991078
위례 택지개발사업 예정지구,일반상업,일상5,1-1,일상5-1-1,1,1681.1062894188112
위례 택지개발사업 예정지구,일반상업,일상5,1-2,일상5-1-2,1,1677.7697875461743
위례 택지개발사업 예정지구,일반상업,일상5,2-1,일상5-2-1,1,2000.0928365933944
위례 택지개발사업 예정지구,일반상업,일상5,2-2,일상5-2-2,1,2050.0094565308464
위례 택지개발사업 예정지구,일반상업,일상6,1-1,일상6-1-1,1,1059.4352308797313
위례 택지개발사업 예정지구,일반상업,일상6,1-2,일상6-1-2,1,999.8360823958908
위례 택지개발사업 예정지구,일반상업,일상6,2-1,일상6-2-1,1,1300.1889754709412
위례 택지개발사업 예정지구,일반상업,일상6,2-2,일상6-2-2,1,1337.4070606203156
위례 택지개발사업 예정지구,일반상업,일상7,일상7,일상7,1,4909.258030126931
위례 택지개발사업 예정지구,일반상업,일상9,1-1,일상9-1-1,1,7526.693364388243
위례 택지개발사업 예정지구,일반상업,일상9,1-2,일상9-1-2,1,7156.040393652421
위례 택지개발사업 예정지구,자동차정류장,차1,차1,차1,1,56223.004775938054
위례 택지개발사업 예정지구,전기공급설비,전,전,전,2,17.64913770775531
위례 택지개발사업 예정지구,전기공급설비,전1,전1,전1,1,2639.358383512993
위례 택지개발사업 예정지구,전기공급설비,전2,전2,전2,1,2972.4174670898224
위례 택지개발사업 예정지구,전기공급설비,전3,전3,전3,1,389.92753610733706
위례 택지개발사업 예정지구,종교시설용지,종1,종1,종1,1,9999.897087129484
위례 택지개발사업 예정지구,종교시설용지,종10,종10,종10,1,1292.949235809268
위례 택지개발사업 예정지구,종교시설용지,종11,종11,종11,1,1615.9604491778282
위례 택지개발사업 예정지구,종교시설용지,종2,종2,종2,1,2499.9851060539113
위례 택지개발사업 예정지구,종교시설용지,종3,종3,종3,1,1713.0021128181115
위례 택지개발사업 예정지구,종교시설용지,종4,종4,종4,1,2029.9252495988196
위례 택지개발사업 예정지구,종교시설용지,종5,종5,종5,1,999.7066748682489
위례 택지개발사업 예정지구,종교시설용지,종6,종6,종6,1,1564.914818558776
위례 택지개발사업 예정지구,종교시설용지,종7,종7,종7,1,1839.9001860473868
위례 택지개발사업 예정지구,종교시설용지,종8,종8,종8,1,2104.9722696509248
위례 택지개발사업 예정지구,종교시설용지,종9,종9,종9,1,990.1686199065978
위례 택지개발사업 예정지구,종합의료시설,의복1,의복1,의복1,1,44010.98607698914
위례 택지개발사업 예정지구,주차장,주1,주1,주1,1,3018.2124456378106
위례 택지개발사업 예정지구,주차장,주10,주10,주10,1,1244.193364206848
위례 택지개발사업 예정지구,주차장,주11,주11,주11,1,18457.162125490966
위례 택지개발사업 예정지구,주차장,주12,주12,주12,1,545.8385209282549
위례 택지개발사업 예정지구,주차장,주13,주13,주13,1,1526.2696771855096
위례 택지개발사업 예정지구,주차장,주2,주2,주2,1,1340.3175979109303
위례 택지개발사업 예정지구,주차장,주3,주3,주3,1,1522.281935015593
위례 택지개발사업 예정지구,주차장,주4,주4,주4,1,2000.0737042392414
위례 택지개발사업 예정지구,주차장,주5,주5,주5,1,1480.861644678411
위례 택지개발사업 예정지구,주차장,주6,주6,주6,1,1293.6282360571363
위례 택지개발사업 예정지구,주차장,주7,주7,주7,1,6490.010376313755
위례 택지개발사업 예정지구,주차장,주8,주8,주8,1,2628.6866183394445
위례 택지개발사업 예정지구,주차장,주9,주9,주9,1,1160.6450087637318
위례 택지개발사업 예정지구,준주거용지,C1-1,C1-1,C1-1,1,23947.60690847788
위례 택지개발사업 예정지구,준주거용지,C1-2,C1-2,C1-2,1,24108.621679618976
위례 택지개발사업 예정지구,준주거용지,C1-3,C1-3,C1-3,1,21063.144800920567
위례 택지개발사업 예정지구,준주거용지,C1-4,C1-4,C1-4,1,20537.609616283135
위례 택지개발사업 예정지구,준주거용지,C1-5,C1-5,C1-5,1,9492.892810981606
위례 택지개발사업 예정지구,준주거용지,C1-6,C1-6,C1-6,1,8624.898260009826
위례 택지개발사업 예정지구,준주거용지,C1-7,1-1,C1-7-1-1,1,1032.0447504988908
위례 택지개발사업 예정지구,준주거용지,C1-7,1-2,C1-7-1-2,1,1065.038009516853
위례 택지개발사업 예정지구,준주거용지,C1-7,1-3,C1-7-1-3,1,1065.8775652039465
위례 택지개발사업 예정지구,준주거용지,C1-8,1-1,C1-8-1-1,1,1511.2277758587045
위례 택지개발사업 예정지구,준주거용지,C1-8,1-2,C1-8-1-2,1,1510.1672170692443
위례 택지개발사업 예정지구,준주거용지,C1-8,1-3,C1-8-1-3,1,1510.1698642345443
위례 택지개발사업 예정지구,준주거용지,C1-8,1-4,C1-8-1-4,1,1509.7980497386284
위례 택지개발사업 예정지구,준주거용지,C1-8,1-5,C1-8-1-5,1,1510.1929858147541
위례 택지개발사업 예정지구,준주거용지,C1-8,1-6,C1-8-1-6,1,1509.9119188847412
위례 택지개발사업 예정지구,준주거용지,C1-8,1-7,C1-8-1-7,1,1510.8568903306673
위례 택지개발사업 예정지구,준주거용지,C2-1,C2-1,C2-1,1,9108.569542432802
위례 택지개발사업 예정지구,준주거용지,C2-2,C2-2,C2-2,1,9652.466011742454
위례 택지개발사업 예정지구,준주거용지,C2-3,C2-3,C2-3,1,7026.454854051298
위례 택지개발사업 예정지구,준주거용지,C2-4,C2-4,C2-4,1,13853.767805805346
위례 택지개발사업 예정지구,준주거용지,C2-5,C2-5,C2-5,1,9818.373513474393
위례 택지개발사업 예정지구,준주거용지,C2-6,C2-6,C2-6,1,17212.05841537208
위례 택지개발사업 예정지구,준주거용지,C2-7,1-1,C2-7-1-1,1,2971.1559525544117
위례 택지개발사업 예정지구,준주거용지,C2-7,1-2,C2-7-1-2,1,1706.6313919382549
위례 택지개발사업 예정지구,준주거용지,C3-1,1-1,C3-1-1-1,1,487.82031037204064
위례 택지개발사업 예정지구,준주거용지,C3-1,1-10,C3-1-1-10,1,502.00966887949005
위례 택지개발사업 예정지구,준주거용지,C3-1,1-11,C3-1-1-11,1,502.0085111031749
위례 택지개발사업 예정지구,준주거용지,C3-1,1-12,C3-1-1-12,1,472.97155703374074
위례 택지개발사업 예정지구,준주거용지,C3-1,1-2,C3-1-1-2,1,501.99792550913924
위례 택지개발사업 예정지구,준주거용지,C3-1,1-3,C3-1-1-3,1,501.99076834542683
위례 택지개발사업 예정지구,준주거용지,C3-1,1-4,C3-1-1-4,1,501.9916245333696
위례 택지개발사업 예정지구,준주거용지,C3-1,1-5,C3-1-1-5,1,501.98963203712276
위례 택지개발사업 예정지구,준주거용지,C3-1,1-6,C3-1-1-6,1,501.8668884614598
위례 택지개발사업 예정지구,준주거용지,C3-1,1-7,C3-1-1-7,1,502.00832112340146
위례 택지개발사업 예정지구,준주거용지,C3-1,1-8,C3-1-1-8,1,502.03609419150064
위례 택지개발사업 예정지구,준주거용지,C3-1,1-9,C3-1-1-9,1,502.0165276755481
위례 택지개발사업 예정지구,준주거용지,C3-2,C3-2,C3-2,1,2148.927131232668
위례 택지개발사업 예정지구,준주거용지,C3-3,C3-3,C3-3,1,2363.9465327172984
위례 택지개발사업 예정지구,철도,철도,철도,철도,6,45645.5765438429
위례 택지개발사업 예정지구,체육시설,체1,체1,체1,1,42367.283778639605
위례 택지개발사업 예정지구,체육시설,체2,체2,체2,1,8144.073371361822
위례 택지개발사업 예정지구,체육시설,체3,체3,체3,1,3005.469440889987
위례 택지개발사업 예정지구,하천,천,천,천,14,74759.79326424407
위례 택지개발사업 예정지구,학교,교1,교1,교1,1,5598.9522796692445
위례 택지개발사업 예정지구,학교,학1,학1,학1,1,13445.800186075268
위례 택지개발사업 예정지구,학교,학10,학10,학10,1,12090.178658675526
위례 택지개발사업 예정지구,학교,학11,학11,학11,1,12860.815327968325
위례 택지개발사업 예정지구,학교,학13,학13,학13,1,11097.69070659969
위례 택지개발사업 예정지구,학교,학14,학14,학14,1,13109.056680606143
위례 택지개발사업 예정지구,학교,학15,학15,학15,2,27514.745547604107
위례 택지개발사업 예정지구,학교,학16,학16,학16,1,11790.725799070695
위례 택지개발사업 예정지구,학교,학2,학2,학2,1,21561.645744427842
위례 택지개발사업 예정지구,학교,학20,학20,학20,1,13957.913367138903
위례 택지개발사업 예정지구,학교,학21,학21,학21,1,804.3516808054594
위례 택지개발사업 예정지구,학교,학22,학22,학22,1,2000.033993468705
위례 택지개발사업 예정지구,학교,학23,학23,학23,1,905.0645861102826
위례 택지개발사업 예정지구,학교,학24,학24,학24,1,889.004345268869
위례 택지개발사업 예정지구,학교,학25,학25,학25,1,999.930282606158
위례 택지개발사업 예정지구,학교,학26,학26,학26,1,3999.8949052005787
위례 택지개발사업 예정지구,학교,학27,학27,학27,1,1999.9491438193318
위례 택지개발사업 예정지구,학교,학28,학28,학28,1,1600.0506658514528
위례 택지개발사업 예정지구,학교,학3,학3,학3,1,11029.470999238638
위례 택지개발사업 예정지구,학교,학4,학4,학4,1,11921.069229239185
위례 택지개발사업 예정지구,학교,학5,학5,학5,1,12325.287745522724
위례 택지개발사업 예정지구,학교,학6,학6,학6,1,10800.92560964146
위례 택지개발사업 예정지구,학교,학7,학7,학7,1,11994.118006274728
위례 택지개발사업 예정지구,학교,학8,학8,학8,1,11842.80506457065
위례 택지개발사업 예정지구,학교,학9,학9,학9,1,12159.875463664917
